Node ID,Selected Expert,Probability
0,0,2.6587133407592773
1,0,3.594869375228882
2,0,3.7612743377685547
3,0,1.2278677225112915
4,0,1.4096230268478394
5,0,3.696465253829956
6,0,4.041364669799805
7,0,2.940028190612793
8,0,2.8234870433807373
9,0,3.506657838821411
10,0,1.6337316036224365
11,0,1.6439335346221924
12,0,2.884960174560547
13,0,3.438594341278076
14,0,3.2021894454956055
15,0,2.4189133644104004
16,0,1.9127707481384277
17,0,3.0497753620147705
18,0,2.291229009628296
19,0,3.076262950897217
20,0,2.0079495906829834
21,0,2.339606761932373
22,0,2.6551012992858887
23,0,4.132637023925781
24,0,1.6746947765350342
25,0,3.647517204284668
26,0,2.124849319458008
27,0,2.6343905925750732
28,0,2.4388394355773926
29,0,3.416198968887329
30,0,2.6551311016082764
31,0,2.4092118740081787
32,0,1.8757970333099365
33,0,4.513160705566406
34,0,3.549767017364502
35,0,1.2769513130187988
36,0,3.5963642597198486
37,0,2.716804027557373
38,0,2.426887035369873
39,0,2.7312581539154053
40,0,3.2797579765319824
41,0,2.358628511428833
42,0,2.497333526611328
43,0,4.492946147918701
44,0,2.6266918182373047
45,0,3.506896734237671
46,0,3.2515289783477783
47,0,2.9312498569488525
48,0,2.470674991607666
49,0,1.657183051109314
50,0,2.0740442276000977
51,0,3.7676682472229004
52,0,3.2385778427124023
53,0,3.4613735675811768
54,0,2.564211845397949
55,0,3.438429832458496
56,0,1.3440977334976196
57,0,2.4986515045166016
58,0,2.150872230529785
59,0,1.9330583810806274
60,0,1.9374809265136719
61,0,2.1258091926574707
62,0,1.9187705516815186
63,0,2.9413747787475586
64,0,2.3445234298706055
65,0,3.008385419845581
66,0,1.876213788986206
67,0,1.9668729305267334
68,0,2.3153762817382812
69,0,2.8051083087921143
70,0,3.028027057647705
71,0,2.8546013832092285
72,0,2.4793877601623535
73,0,2.36820387840271
74,0,3.4527785778045654
75,0,5.826303482055664
76,0,2.647343158721924
77,0,2.176593542098999
78,0,2.1456637382507324
79,0,2.8641133308410645
80,0,3.4821889400482178
81,0,2.6818997859954834
82,0,2.5135257244110107
83,0,3.053980588912964
84,0,2.429426431655884
85,0,2.7803947925567627
86,0,2.499462842941284
87,0,2.5187137126922607
88,0,1.0496313571929932
89,0,3.5583951473236084
90,0,2.1283676624298096
91,0,2.217200994491577
92,0,1.9634442329406738
93,0,2.714322090148926
94,0,1.8156845569610596
95,0,3.8452491760253906
96,0,2.983567237854004
97,0,2.2514421939849854
98,0,1.9296056032180786
99,0,2.4080495834350586
100,0,2.965202808380127
101,0,3.5775279998779297
102,0,2.482937812805176
103,0,2.9425480365753174
104,0,3.2053260803222656
105,0,2.760664701461792
106,0,2.598200798034668
107,0,1.4775028228759766
108,0,2.538226366043091
109,0,3.3926680088043213
110,0,4.301383972167969
111,0,1.741190791130066
112,0,3.513512134552002
113,0,1.7347888946533203
114,0,3.233759880065918
115,0,3.501786470413208
116,0,3.8124189376831055
117,0,2.8433218002319336
118,0,3.7445268630981445
119,0,3.1127586364746094
120,0,1.3266596794128418
121,0,2.9302432537078857
122,0,2.3406527042388916
123,0,2.1340370178222656
124,0,5.418557643890381
125,0,2.6139063835144043
126,0,2.544740676879883
127,0,2.3688619136810303
128,0,1.5393040180206299
129,0,2.1433680057525635
130,0,2.148789882659912
131,0,3.8569672107696533
132,0,3.114198923110962
133,0,2.443209648132324
134,0,1.8629752397537231
135,0,3.5473289489746094
136,0,3.626661777496338
137,0,4.464405536651611
138,0,1.9444442987442017
139,0,2.118839979171753
140,0,3.3775689601898193
141,0,3.4470713138580322
142,0,3.5562853813171387
143,0,2.508843183517456
144,0,2.1778151988983154
145,0,2.8416707515716553
146,0,2.386990785598755
147,0,4.788549423217773
148,0,2.5439999103546143
149,0,4.100822925567627
150,0,3.542257308959961
151,0,3.4489283561706543
152,0,2.2508046627044678
153,0,2.9358036518096924
154,0,2.8439993858337402
155,0,4.605962753295898
156,0,4.011621475219727
157,0,2.3096070289611816
158,0,3.621431350708008
159,0,3.4774694442749023
160,0,2.6068949699401855
161,0,3.1809725761413574
162,0,3.917466640472412
163,0,2.8154985904693604
164,0,2.4551844596862793
165,0,2.1301727294921875
166,0,3.224039077758789
167,0,2.901348114013672
168,0,2.6017773151397705
169,0,2.3766705989837646
170,0,3.452397108078003
171,0,2.015317678451538
172,0,3.1788196563720703
173,0,2.5046584606170654
174,0,1.7437801361083984
175,0,2.1829588413238525
176,0,2.719578981399536
177,0,2.2941341400146484
178,0,2.8891897201538086
179,0,2.3637521266937256
180,0,3.0903995037078857
181,0,3.5140929222106934
182,0,2.585020065307617
183,0,2.5316219329833984
184,0,3.788236618041992
185,0,3.440514087677002
186,0,2.1808388233184814
187,0,2.425262212753296
188,0,2.6796863079071045
189,0,2.239196538925171
190,0,4.135653972625732
191,0,2.971005439758301
192,0,2.8861372470855713
193,0,2.3547918796539307
194,0,3.6997556686401367
195,0,5.05666971206665
196,0,2.9694950580596924
197,0,2.117668628692627
198,0,3.8277065753936768
199,0,1.539339303970337
200,0,3.307774066925049
201,0,2.690236806869507
202,0,3.027867555618286
203,0,2.6775622367858887
204,0,2.3786284923553467
205,0,3.76716685295105
206,0,1.6251106262207031
207,0,2.6031668186187744
208,0,2.3490233421325684
209,0,2.5771515369415283
210,0,3.1544134616851807
211,0,3.1187353134155273
212,0,2.2632675170898438
213,0,1.9591617584228516
214,0,3.519197940826416
215,0,2.1044466495513916
216,0,1.443835973739624
217,0,3.807464122772217
218,0,2.688140869140625
219,0,2.073965311050415
220,0,2.47979736328125
221,0,2.569251537322998
222,0,2.1018996238708496
223,0,2.3813183307647705
224,0,2.5747196674346924
225,0,3.5074827671051025
226,0,2.9651455879211426
227,0,3.794551372528076
228,0,3.049574375152588
229,0,2.3169636726379395
230,0,3.112231731414795
231,0,3.1607284545898438
232,0,2.013731002807617
233,0,2.2333896160125732
234,0,3.4843506813049316
235,0,3.66453218460083
236,0,3.4970438480377197
237,0,2.5309853553771973
238,0,2.203847646713257
239,0,2.1745357513427734
240,0,2.791085720062256
241,0,3.6531875133514404
242,0,3.6961746215820312
243,0,4.0335187911987305
244,0,2.2524971961975098
245,0,4.178376197814941
246,0,2.6967811584472656
247,0,3.535334587097168
248,0,3.3288748264312744
249,0,3.419567823410034
250,0,3.41745662689209
251,0,3.379568099975586
252,0,3.6355695724487305
253,0,2.9370791912078857
254,0,2.598562002182007
255,0,4.239686489105225
256,0,2.6393308639526367
257,0,4.271883010864258
258,0,2.9746346473693848
259,0,3.273350954055786
260,0,1.7498509883880615
261,0,3.4793691635131836
262,0,2.856436014175415
263,0,2.8193857669830322
264,0,2.1502280235290527
265,0,2.834275960922241
266,0,2.2785115242004395
267,0,1.7813034057617188
268,0,4.430688381195068
269,0,3.138021945953369
270,0,2.8395283222198486
271,0,4.205120086669922
272,0,3.1715164184570312
273,0,3.103625535964966
274,0,1.9918378591537476
275,0,3.1839048862457275
276,0,2.779789686203003
277,0,3.271749258041382
278,0,3.3974649906158447
279,0,3.9049265384674072
280,0,3.5364763736724854
281,0,2.224503993988037
282,0,3.5373668670654297
283,0,2.7175276279449463
284,0,2.8286681175231934
285,0,2.687141180038452
286,0,3.6490845680236816
287,0,2.0469751358032227
288,0,3.750636577606201
289,0,3.2658705711364746
290,0,4.596855640411377
291,0,4.539590358734131
292,0,5.054757595062256
293,0,3.248800039291382
294,0,3.8798069953918457
295,0,2.749321460723877
296,0,3.658568859100342
297,0,3.102633476257324
298,0,4.550213813781738
299,0,2.7089288234710693
300,0,3.217283010482788
301,0,3.8152880668640137
302,0,3.0354504585266113
303,0,3.7898757457733154
304,0,3.343388080596924
305,0,4.207107067108154
306,0,3.0401599407196045
307,0,3.4787192344665527
308,0,4.276106834411621
309,0,2.208037853240967
310,0,2.9045846462249756
311,0,2.3879637718200684
312,0,2.9253551959991455
313,0,2.583120346069336
314,0,3.3387577533721924
315,0,1.7370703220367432
316,0,2.336390733718872
317,0,4.428827285766602
318,0,2.5657570362091064
319,0,2.790440559387207
320,0,3.211245059967041
321,0,4.189316272735596
322,0,4.238214015960693
323,0,2.5677340030670166
324,0,2.6269819736480713
325,0,3.431623697280884
326,0,2.990363597869873
327,0,2.790071487426758
328,0,3.769413948059082
329,0,1.9332164525985718
330,0,3.1988227367401123
331,0,2.686852216720581
332,0,2.573932647705078
333,0,2.593160629272461
334,0,3.5772147178649902
335,0,3.293807029724121
336,0,3.1277894973754883
337,0,2.3205432891845703
338,0,2.8831868171691895
339,0,3.1583263874053955
340,0,3.6975834369659424
341,0,3.355008840560913
342,0,2.7193520069122314
343,0,2.7216506004333496
344,0,4.278068542480469
345,0,3.0804786682128906
346,0,3.1083388328552246
347,0,1.4789385795593262
348,0,2.493330240249634
349,0,3.231114625930786
350,0,2.592424154281616
351,0,2.391538381576538
352,0,3.1688148975372314
353,0,3.8795111179351807
354,0,2.5612735748291016
355,0,3.2261147499084473
356,0,2.013050079345703
357,0,1.8006869554519653
358,0,3.3663763999938965
359,0,2.3425421714782715
360,0,3.2659740447998047
361,0,2.722146511077881
362,0,4.069378852844238
363,0,2.7426395416259766
364,0,2.7521512508392334
365,0,1.868550181388855
366,0,2.7922050952911377
367,0,3.274909734725952
368,0,2.959129571914673
369,0,2.3986334800720215
370,0,3.564229965209961
371,0,3.5498082637786865
372,0,1.525637149810791
373,0,2.8120222091674805
374,0,2.6182234287261963
375,0,2.7037606239318848
376,0,1.6842060089111328
377,0,2.557663679122925
378,0,3.5117905139923096
379,0,3.2520761489868164
380,0,3.193570137023926
381,0,2.855778932571411
382,0,2.291731834411621
383,0,3.112337112426758
384,0,3.417018175125122
385,0,2.9105899333953857
386,0,3.5665159225463867
387,0,3.594256639480591
388,0,2.5306220054626465
389,0,2.966407537460327
390,0,2.957306385040283
391,0,4.17359733581543
392,0,1.9853463172912598
393,0,3.0410265922546387
394,0,2.187028169631958
395,0,5.0054168701171875
396,0,3.866778612136841
397,0,4.428083896636963
398,0,3.1494977474212646
399,0,3.450248956680298
400,0,3.4169418811798096
401,0,2.8384430408477783
402,0,2.8995118141174316
403,0,2.752342462539673
404,0,2.709207534790039
405,0,3.7788472175598145
406,0,2.913655996322632
407,0,3.7381510734558105
408,0,2.2694602012634277
409,0,1.1683578491210938
410,0,4.029892444610596
411,0,2.0006940364837646
412,0,2.2115774154663086
413,0,2.729767322540283
414,0,3.4588582515716553
415,0,4.011810302734375
416,0,2.466325044631958
417,0,2.216728925704956
418,0,4.2448015213012695
419,0,1.6900287866592407
420,0,2.070389986038208
421,0,2.450573444366455
422,0,2.403521776199341
423,0,3.219278335571289
424,0,4.079550266265869
425,0,3.046632766723633
426,0,5.560113430023193
427,0,4.470273494720459
428,0,2.7647671699523926
429,0,2.433363676071167
430,0,3.5290863513946533
431,0,2.6394240856170654
432,0,2.617892026901245
433,0,1.6882109642028809
434,0,2.7697763442993164
435,0,3.492539167404175
436,0,2.0079081058502197
437,0,2.8899669647216797
438,0,3.0645859241485596
439,0,3.3426027297973633
440,0,2.040022611618042
441,0,2.2876405715942383
442,0,2.185077428817749
443,0,4.924411296844482
444,0,3.3554110527038574
445,0,2.710754871368408
446,0,2.532799243927002
447,0,3.373145580291748
448,0,2.609182596206665
449,0,1.897143006324768
450,0,2.714092493057251
451,0,2.8424549102783203
452,0,2.976182699203491
453,0,3.7609310150146484
454,0,4.973970890045166
455,0,2.2023916244506836
456,0,2.763416290283203
457,0,1.4522883892059326
458,0,1.8233734369277954
459,0,4.119278430938721
460,0,3.4501731395721436
461,0,2.169556140899658
462,0,1.957316517829895
463,0,2.2124102115631104
464,0,2.2766594886779785
465,0,2.5656096935272217
466,0,3.650967597961426
467,0,1.9271273612976074
468,0,3.68080997467041
469,0,3.449953079223633
470,0,2.6118242740631104
471,0,2.673388719558716
472,0,3.7489986419677734
473,0,3.564366102218628
474,0,3.6365137100219727
475,0,3.13592529296875
476,0,2.6312050819396973
477,0,2.136148452758789
478,0,2.811263084411621
479,0,3.0733628273010254
480,0,2.542419910430908
481,0,1.6664867401123047
482,0,1.9359108209609985
483,0,2.407020092010498
484,0,5.085782051086426
485,0,1.157119870185852
486,0,3.345125198364258
487,0,3.141449213027954
488,0,1.9815994501113892
489,0,6.079016208648682
490,0,1.9263159036636353
491,0,2.674525022506714
492,0,2.128695487976074
493,0,1.909509301185608
494,0,1.7524096965789795
495,0,3.6909475326538086
496,0,2.900726318359375
497,0,1.8616002798080444
498,0,2.641085386276245
499,0,2.16510009765625
500,0,3.679391860961914
501,0,3.304457664489746
502,0,2.2105438709259033
503,0,5.404669284820557
504,0,2.7037978172302246
505,0,1.0950578451156616
506,0,3.552530527114868
507,0,2.748823404312134
508,0,2.752455949783325
509,0,2.123225212097168
510,0,2.039302349090576
511,0,2.0763142108917236
512,0,5.462863445281982
513,0,2.6962404251098633
514,0,2.6863350868225098
515,0,3.60205340385437
516,0,2.1650195121765137
517,0,3.6097164154052734
518,0,2.8114848136901855
519,0,2.782931089401245
520,0,2.6362149715423584
521,0,3.2815206050872803
522,0,2.5276784896850586
523,0,4.094842910766602
524,0,2.468626022338867
525,0,1.5267993211746216
526,0,2.3660197257995605
527,0,3.1455771923065186
528,0,3.6633901596069336
529,0,2.5787460803985596
530,0,1.7752923965454102
531,0,1.613613486289978
532,0,2.5697662830352783
533,0,4.21097993850708
534,0,2.830613851547241
535,0,2.5755982398986816
536,0,1.9417169094085693
537,0,3.6283252239227295
538,0,4.792038917541504
539,0,3.5144639015197754
540,0,1.865180253982544
541,0,2.9286181926727295
542,0,2.1292884349823
543,0,1.764995813369751
544,0,3.2966580390930176
545,0,2.280522346496582
546,0,2.087055206298828
547,0,3.1695938110351562
548,0,1.8567701578140259
549,0,3.297855854034424
550,0,2.5395190715789795
551,0,2.180668592453003
552,0,2.6267149448394775
553,0,3.9049105644226074
554,0,3.2391743659973145
555,0,2.546523094177246
556,0,2.897233724594116
557,0,2.887876510620117
558,0,2.074594497680664
559,0,2.7921040058135986
560,0,2.7341456413269043
561,0,3.379253387451172
562,0,3.217792510986328
563,0,3.2175939083099365
564,0,3.087653160095215
565,0,3.4133708477020264
566,0,3.6700830459594727
567,0,3.4607901573181152
568,0,2.9313430786132812
569,0,2.3999602794647217
570,0,2.340569019317627
571,0,2.1236214637756348
572,0,2.43658447265625
573,0,3.747734546661377
574,0,4.1203742027282715
575,0,3.4418811798095703
576,0,1.936241865158081
577,0,2.4694771766662598
578,0,2.2865021228790283
579,0,3.3544671535491943
580,0,4.773252010345459
581,0,3.6874916553497314
582,0,2.796538829803467
583,0,2.7363383769989014
584,0,2.7980003356933594
585,0,1.5527817010879517
586,0,3.853590965270996
587,0,2.7576489448547363
588,0,2.3438539505004883
589,0,2.8715174198150635
590,0,2.5162127017974854
591,0,1.3906621932983398
592,0,2.2804434299468994
593,0,2.5557687282562256
594,0,1.73362135887146
595,0,4.222786903381348
596,0,1.7489598989486694
597,0,2.3224523067474365
598,0,4.788723945617676
599,0,4.2737603187561035
600,0,3.6678757667541504
601,0,2.3899033069610596
602,0,3.3940978050231934
603,0,2.5328853130340576
604,0,1.9099023342132568
605,0,3.6369521617889404
606,0,3.6985180377960205
607,0,2.5590176582336426
608,0,2.332698106765747
609,0,3.3624913692474365
610,0,3.0370242595672607
611,0,2.9296951293945312
612,0,1.7354185581207275
613,0,2.202920436859131
614,0,2.8740875720977783
615,0,2.1057662963867188
616,0,2.397869110107422
617,0,2.0807974338531494
618,0,2.778573513031006
619,0,3.147684097290039
620,0,2.77815580368042
621,0,2.9869372844696045
622,0,1.7679721117019653
623,0,2.16335129737854
624,0,3.731142520904541
625,0,2.443222761154175
626,0,2.5712039470672607
627,0,5.174716949462891
628,0,2.7943246364593506
629,0,2.089266777038574
630,0,3.0083842277526855
631,0,2.645254135131836
632,0,4.039910316467285
633,0,1.8718711137771606
634,0,3.9442636966705322
635,0,2.2182581424713135
636,0,2.601764440536499
637,0,2.6154510974884033
638,0,2.865278482437134
639,0,2.346784830093384
640,0,2.5519280433654785
641,0,2.6833043098449707
642,0,1.8586817979812622
643,0,2.104595899581909
644,0,2.369276523590088
645,0,3.064650058746338
646,0,2.0887842178344727
647,0,2.913236379623413
648,0,2.926621198654175
649,0,2.5471625328063965
650,0,2.2856059074401855
651,0,2.9845240116119385
652,0,2.5965754985809326
653,0,2.641678810119629
654,0,3.496950626373291
655,0,1.4785138368606567
656,0,2.993398427963257
657,0,1.750675082206726
658,0,3.2923924922943115
659,0,2.1659040451049805
660,0,2.646328926086426
661,0,1.9449373483657837
662,0,1.82145357131958
663,0,4.058581352233887
664,0,2.5764005184173584
665,0,2.5922577381134033
666,0,1.57841956615448
667,0,2.8127012252807617
668,0,2.840672254562378
669,0,2.271390199661255
670,0,3.174445390701294
671,0,1.7590827941894531
672,0,1.8591077327728271
673,0,0.9084320068359375
674,0,2.1569957733154297
675,0,2.3569343090057373
676,0,2.588031530380249
677,0,3.459531784057617
678,0,3.374471664428711
679,0,2.1573610305786133
680,0,2.1012651920318604
681,0,2.25121808052063
682,0,2.040764808654785
683,0,2.3204505443573
684,0,1.7973535060882568
685,0,4.105153560638428
686,0,3.4601993560791016
687,0,1.9918298721313477
688,0,2.1952433586120605
689,0,3.2504398822784424
690,0,4.222540855407715
691,0,4.61615514755249
692,0,3.8824870586395264
693,0,3.5131306648254395
694,0,4.123995304107666
695,0,2.8462917804718018
696,0,3.837416410446167
697,0,2.581836462020874
698,0,3.446362018585205
699,0,4.569822788238525
700,0,3.0878491401672363
701,0,2.8441526889801025
702,0,3.4500303268432617
703,0,3.2785494327545166
704,0,2.1207096576690674
705,0,3.253352403640747
706,0,3.4633896350860596
707,0,2.8678932189941406
708,0,2.8124194145202637
709,0,1.8292958736419678
710,0,3.0140910148620605
711,0,1.6075737476348877
712,0,3.0919606685638428
713,0,3.186586380004883
714,0,2.670126438140869
715,0,3.2407684326171875
716,0,2.5422987937927246
717,0,3.2400944232940674
718,0,1.9265449047088623
719,0,2.4716150760650635
720,0,2.7016818523406982
721,0,3.2579829692840576
722,0,3.364043951034546
723,0,2.8555655479431152
724,0,3.4923431873321533
725,0,2.8406200408935547
726,0,3.6594161987304688
727,0,4.434720516204834
728,0,3.632664442062378
729,0,2.6852810382843018
730,0,3.0978763103485107
731,0,2.0999720096588135
732,0,5.461138725280762
733,0,2.4941956996917725
734,0,5.547497272491455
735,0,3.3172924518585205
736,0,4.1207733154296875
737,0,1.9067202806472778
738,0,1.8492860794067383
739,0,2.7935991287231445
740,0,3.564746379852295
741,0,3.8568742275238037
742,0,2.5269718170166016
743,0,2.1521246433258057
744,0,2.479365110397339
745,0,3.3634145259857178
746,0,3.4460337162017822
747,0,3.6634724140167236
748,0,2.5336766242980957
749,0,3.322803497314453
750,0,3.0361900329589844
751,0,2.340122938156128
752,0,3.2771267890930176
753,0,4.807895183563232
754,0,4.0556230545043945
755,0,4.082973957061768
756,0,2.516658067703247
757,0,3.0261926651000977
758,0,2.7516496181488037
759,0,2.0474884510040283
760,0,2.161081552505493
761,0,5.115301609039307
762,0,2.950965642929077
763,0,3.901887893676758
764,0,1.517861008644104
765,0,2.8907389640808105
766,0,2.882612943649292
767,0,3.895934581756592
768,0,2.2914390563964844
769,0,3.0653696060180664
770,0,3.9058916568756104
771,0,2.8206679821014404
772,0,3.632157325744629
773,0,4.996862888336182
774,0,3.0262632369995117
775,0,2.902330160140991
776,0,5.769550323486328
777,0,3.236323356628418
778,0,2.558810234069824
779,0,1.980154275894165
780,0,2.5037646293640137
781,0,3.607440948486328
782,0,3.3469996452331543
783,0,3.691636800765991
784,0,2.820991039276123
785,0,3.7215027809143066
786,0,2.4767532348632812
787,0,2.3504674434661865
788,0,2.7474422454833984
789,0,3.1988112926483154
790,0,3.073211431503296
791,0,2.200772762298584
792,0,3.0747969150543213
793,0,4.744447708129883
794,0,3.751649856567383
795,0,1.9477872848510742
796,0,2.5080502033233643
797,0,3.2508926391601562
798,0,3.087367057800293
799,0,2.9340147972106934
800,0,2.499894380569458
801,0,3.3694469928741455
802,0,3.353593111038208
803,0,2.994056463241577
804,0,3.0720114707946777
805,0,3.002091646194458
806,0,3.390986680984497
807,0,3.8843905925750732
808,0,2.349910259246826
809,0,2.5042786598205566
810,0,2.4829819202423096
811,0,3.3333897590637207
812,0,2.5559041500091553
813,0,2.3788950443267822
814,0,1.792176365852356
815,0,2.5894293785095215
816,0,3.125690460205078
817,0,3.3468105792999268
818,0,4.557888031005859
819,0,2.6614012718200684
820,0,2.3685555458068848
821,0,2.0511090755462646
822,0,2.3562963008880615
823,0,3.135756015777588
824,0,2.061330556869507
825,0,4.174738883972168
826,0,2.35972261428833
827,0,2.682612657546997
828,0,2.3583710193634033
829,0,3.6923134326934814
830,0,3.3124094009399414
831,0,3.002046585083008
832,0,2.614741086959839
833,0,1.6177197694778442
834,0,1.6732151508331299
835,0,2.8242781162261963
836,0,3.4381089210510254
837,0,3.8308982849121094
838,0,3.2705929279327393
839,0,3.623628616333008
840,0,2.658499002456665
841,0,4.156976222991943
842,0,2.946871757507324
843,0,2.51131534576416
844,0,4.121835708618164
845,0,2.034959554672241
846,0,1.3886847496032715
847,0,2.9644811153411865
848,0,2.652390956878662
849,0,2.209458827972412
850,0,3.614384174346924
851,0,2.7416951656341553
852,0,2.0593247413635254
853,0,2.7268755435943604
854,0,1.908657431602478
855,0,1.9007402658462524
856,0,3.425065755844116
857,0,1.5368543863296509
858,0,3.6257123947143555
859,0,3.6834888458251953
860,0,2.6056034564971924
861,0,3.3886735439300537
862,0,2.1568727493286133
863,0,3.005204677581787
864,0,3.4974732398986816
865,0,2.376188039779663
866,0,1.4325363636016846
867,0,1.858376145362854
868,0,2.816588878631592
869,0,3.5150508880615234
870,0,1.7068041563034058
871,0,2.8350369930267334
872,0,1.1708629131317139
873,0,1.9642457962036133
874,0,2.0484089851379395
875,0,3.7613253593444824
876,0,3.419395923614502
877,0,1.7345870733261108
878,0,1.969581127166748
879,0,2.7458596229553223
880,0,2.338750123977661
881,0,2.3185291290283203
882,0,2.403339385986328
883,0,2.5628840923309326
884,0,2.3195383548736572
885,0,2.4869771003723145
886,0,1.4658994674682617
887,0,3.3918631076812744
888,0,2.9763290882110596
889,0,2.2732014656066895
890,0,3.142646312713623
891,0,4.392013072967529
892,0,3.0296359062194824
893,0,3.009185552597046
894,0,3.392340898513794
895,0,3.717303991317749
896,0,5.250685214996338
897,0,2.487273931503296
898,0,3.011619806289673
899,0,2.5117549896240234
900,0,2.0677785873413086
901,0,2.158543109893799
902,0,3.658792018890381
903,0,2.82389497756958
904,0,2.5830705165863037
905,0,3.8117175102233887
906,0,5.275136470794678
907,0,2.058417797088623
908,0,1.8002749681472778
909,0,1.7823048830032349
910,0,3.339942693710327
911,0,1.7636606693267822
912,0,2.195448160171509
913,0,2.5026333332061768
914,0,2.412733793258667
915,0,4.235281944274902
916,0,3.701756715774536
917,0,3.3905975818634033
918,0,2.926408290863037
919,0,2.9597442150115967
920,0,4.400692462921143
921,0,2.740588903427124
922,0,3.1702523231506348
923,0,2.849865198135376
924,0,2.80450701713562
925,0,1.9841158390045166
926,0,2.8003451824188232
927,0,2.805962085723877
928,0,3.1745548248291016
929,0,2.4643044471740723
930,0,2.137763738632202
931,0,2.2876012325286865
932,0,2.369802951812744
933,0,2.2628297805786133
934,0,2.7108449935913086
935,0,1.7659928798675537
936,0,2.168203353881836
937,0,2.8625524044036865
938,0,3.1750268936157227
939,0,3.7699637413024902
940,0,4.921053409576416
941,0,5.61751651763916
942,0,4.025809288024902
943,0,3.23582124710083
944,0,2.2154040336608887
945,0,3.426889657974243
946,0,2.5898683071136475
947,0,3.426384449005127
948,0,2.8783557415008545
949,0,2.6691837310791016
950,0,3.3994133472442627
951,0,2.9292049407958984
952,0,2.5712077617645264
953,0,2.1803343296051025
954,0,3.380667209625244
955,0,3.821307420730591
956,0,3.32766056060791
957,0,2.322824716567993
958,0,2.935542106628418
959,0,3.6931920051574707
960,0,2.7424659729003906
961,0,4.231484413146973
962,0,3.295534610748291
963,0,2.834707260131836
964,0,2.874520778656006
965,0,2.4642810821533203
966,0,3.1370396614074707
967,0,2.810274124145508
968,0,3.4990501403808594
969,0,3.091364860534668
970,0,2.8353710174560547
971,0,3.5527448654174805
972,0,2.325195074081421
973,0,4.182572364807129
974,0,3.5486178398132324
975,0,2.82205867767334
976,0,2.2954697608947754
977,0,2.868567943572998
978,0,3.6965317726135254
979,0,3.5848164558410645
980,0,3.843470811843872
981,0,4.159000873565674
982,0,2.722116231918335
983,0,3.012568950653076
984,0,2.7175889015197754
985,0,1.505732774734497
986,0,2.7189722061157227
987,0,1.6990255117416382
988,0,1.932447075843811
989,0,3.9592771530151367
990,0,3.8647608757019043
991,0,4.333521842956543
992,0,2.49873423576355
993,0,3.994647979736328
994,0,2.9128944873809814
995,0,3.8583292961120605
996,0,1.735549807548523
997,0,1.211989164352417
998,0,1.7316687107086182
999,0,3.3734939098358154
1000,0,3.0339722633361816
1001,0,1.885014533996582
1002,0,1.8355681896209717
1003,0,6.050388813018799
1004,0,2.472342014312744
1005,0,1.677492380142212
1006,0,3.4995718002319336
1007,0,3.4745728969573975
1008,0,1.9897277355194092
1009,0,4.31273889541626
1010,0,2.438671112060547
1011,0,2.741495370864868
1012,0,3.9050140380859375
1013,0,3.727090835571289
1014,0,4.3013081550598145
1015,0,4.251659393310547
1016,0,4.3960723876953125
1017,0,2.732675790786743
1018,0,3.50163197517395
1019,0,4.249337196350098
1020,0,3.424910545349121
1021,0,3.7314155101776123
1022,0,3.5775744915008545
1023,0,3.2331137657165527
1024,0,3.771517038345337
1025,0,1.4871429204940796
1026,0,1.9022266864776611
1027,0,3.932497501373291
1028,0,4.137730121612549
1029,0,3.4089057445526123
1030,0,3.157496452331543
1031,0,3.491049289703369
1032,0,2.2235453128814697
1033,0,1.6688849925994873
1034,0,3.1236183643341064
1035,0,2.262223243713379
1036,0,4.14547061920166
1037,0,3.1803231239318848
1038,0,1.764610767364502
1039,0,1.9989250898361206
1040,0,4.225988864898682
1041,0,2.095801830291748
1042,0,3.056190252304077
1043,0,2.894700765609741
1044,0,2.1917641162872314
1045,0,3.293917655944824
1046,0,2.317004680633545
1047,0,3.6837353706359863
1048,0,4.0054497718811035
1049,0,2.745950698852539
1050,0,3.1304426193237305
1051,0,5.64195442199707
1052,0,3.3462882041931152
1053,0,2.403914451599121
1054,0,3.04905366897583
1055,0,3.1589102745056152
1056,0,3.9652490615844727
1057,0,5.083721160888672
1058,0,3.5604422092437744
1059,0,2.5457024574279785
1060,0,2.3997645378112793
1061,0,2.8716847896575928
1062,0,3.753807544708252
1063,0,5.008248805999756
1064,0,3.7929444313049316
1065,0,3.5772757530212402
1066,0,3.6257193088531494
1067,0,2.4035143852233887
1068,0,5.896665573120117
1069,0,3.668745756149292
1070,0,2.992645502090454
1071,0,3.8387091159820557
1072,0,2.149399757385254
1073,0,3.294541358947754
1074,0,4.057125091552734
1075,0,3.2103116512298584
1076,0,1.9594435691833496
1077,0,2.115370512008667
1078,0,1.6952202320098877
1079,0,4.59065055847168
1080,0,4.2455949783325195
1081,0,2.8631086349487305
1082,0,1.5051058530807495
1083,0,2.7509706020355225
1084,0,4.915327072143555
1085,0,3.8265440464019775
1086,0,5.208423614501953
1087,0,1.7956569194793701
1088,0,3.5446200370788574
1089,0,2.472576141357422
1090,0,3.5742437839508057
1091,0,1.9928269386291504
1092,0,1.2784154415130615
1093,0,2.077446222305298
1094,0,2.34501051902771
1095,0,1.8100409507751465
1096,0,2.3989548683166504
1097,0,2.8473029136657715
1098,0,3.362230062484741
1099,0,3.286466598510742
1100,0,1.7783524990081787
1101,0,2.967064380645752
1102,0,2.8583810329437256
1103,0,3.967620849609375
1104,0,2.588493585586548
1105,0,2.134800434112549
1106,0,3.9457099437713623
1107,0,2.880502700805664
1108,0,4.863548278808594
1109,0,4.003201961517334
1110,0,1.9298511743545532
1111,0,1.6995139122009277
1112,0,2.8980913162231445
1113,0,1.9190213680267334
1114,0,3.1299526691436768
1115,0,1.781437635421753
1116,0,3.140105962753296
1117,0,2.589301109313965
1118,0,3.914964199066162
1119,0,2.7538061141967773
1120,0,2.1819467544555664
1121,0,2.170506477355957
1122,0,2.1783607006073
1123,0,1.7985451221466064
1124,0,4.338556289672852
1125,0,2.4825499057769775
1126,0,2.6109619140625
1127,0,3.099395513534546
1128,0,2.8282687664031982
1129,0,4.560044288635254
1130,0,2.5152952671051025
1131,0,4.146895408630371
1132,0,4.118533134460449
1133,0,2.3399202823638916
1134,0,3.609612226486206
1135,0,1.725340723991394
1136,0,4.100123405456543
1137,0,4.326217174530029
1138,0,2.87038516998291
1139,0,2.0737907886505127
1140,0,3.062756299972534
1141,0,3.708437442779541
1142,0,3.515455961227417
1143,0,5.51883602142334
1144,0,3.081390380859375
1145,0,2.931382656097412
1146,0,3.25488018989563
1147,0,3.3150317668914795
1148,0,1.6734930276870728
1149,0,3.4490058422088623
1150,0,2.1858129501342773
1151,0,2.9215340614318848
1152,0,2.6935861110687256
1153,0,1.6981151103973389
1154,0,3.600527763366699
1155,0,2.5022614002227783
1156,0,2.7296555042266846
1157,0,3.3674652576446533
1158,0,2.9486172199249268
1159,0,3.681169033050537
1160,0,5.833683967590332
1161,0,3.5870909690856934
1162,0,3.1888415813446045
1163,0,3.385671615600586
1164,0,1.7192806005477905
1165,0,2.272002696990967
1166,0,4.061460971832275
1167,0,2.115081310272217
1168,0,3.142256259918213
1169,0,2.526262044906616
1170,0,1.6132137775421143
1171,0,2.7942891120910645
1172,0,1.4290186166763306
1173,0,3.73366641998291
1174,0,3.091829538345337
1175,0,3.4867753982543945
1176,0,3.7015058994293213
1177,0,3.0664634704589844
1178,0,3.103055953979492
1179,0,4.6704535484313965
1180,0,3.1052775382995605
1181,0,3.400040626525879
1182,0,3.8715927600860596
1183,0,2.4141054153442383
1184,0,1.420422911643982
1185,0,2.715315341949463
1186,0,3.9706127643585205
1187,0,2.2962851524353027
1188,0,1.997028112411499
1189,0,3.8240389823913574
1190,0,3.718975782394409
1191,0,2.085658550262451
1192,0,2.4880268573760986
1193,0,3.079216718673706
1194,0,2.7589893341064453
1195,0,1.865870714187622
1196,0,2.2953686714172363
1197,0,3.608038902282715
1198,0,2.7003910541534424
1199,0,2.17185378074646
1200,0,2.540323495864868
1201,0,3.6805624961853027
1202,0,3.8802077770233154
1203,0,2.369497537612915
1204,0,2.45184588432312
1205,0,2.3145406246185303
1206,0,2.4547080993652344
1207,0,3.1261284351348877
1208,0,1.7280410528182983
1209,0,2.108311414718628
1210,0,2.685518503189087
1211,0,1.901222825050354
1212,0,3.4655306339263916
1213,0,2.5601415634155273
1214,0,2.7424333095550537
1215,0,2.304171323776245
1216,0,3.594486713409424
1217,0,2.2668678760528564
1218,0,2.313232898712158
1219,0,3.0122170448303223
1220,0,2.685661554336548
1221,0,2.036778450012207
1222,0,3.650960922241211
1223,0,2.1925902366638184
1224,0,2.2814247608184814
1225,0,3.2076210975646973
1226,0,3.31746244430542
1227,0,2.1654977798461914
1228,0,1.6325058937072754
1229,0,2.1049444675445557
1230,0,2.770810127258301
1231,0,2.390911102294922
1232,0,2.0398519039154053
1233,0,4.3639373779296875
1234,0,3.240438938140869
1235,0,4.321244239807129
1236,0,4.3187360763549805
1237,0,2.3465514183044434
1238,0,3.080349922180176
1239,0,3.7383766174316406
1240,0,2.7811779975891113
1241,0,2.563664674758911
1242,0,2.8320119380950928
1243,0,3.057537794113159
1244,0,2.0553526878356934
1245,0,2.678705930709839
1246,0,1.6184144020080566
1247,0,3.1802635192871094
1248,0,1.8399792909622192
1249,0,3.0021848678588867
1250,0,2.484835386276245
1251,0,3.484713077545166
1252,0,2.7886691093444824
1253,0,2.473306655883789
1254,0,3.410855293273926
1255,0,2.670426368713379
1256,0,1.7845346927642822
1257,0,2.0528812408447266
1258,0,3.709933042526245
1259,0,2.277036666870117
1260,0,3.0282363891601562
1261,0,2.4407360553741455
1262,0,2.3456451892852783
1263,0,1.8535031080245972
1264,0,1.2954614162445068
1265,0,3.773638963699341
1266,0,1.5738849639892578
1267,0,2.9063448905944824
1268,0,3.1699931621551514
1269,0,1.3409078121185303
1270,0,2.9767727851867676
1271,0,2.961153745651245
1272,0,1.5368850231170654
1273,0,3.7811741828918457
1274,0,4.122227191925049
1275,0,2.7575011253356934
1276,0,2.739470958709717
1277,0,1.8810391426086426
1278,0,3.1609745025634766
1279,0,2.472785234451294
1280,0,1.791202187538147
1281,0,2.6771137714385986
1282,0,3.0050952434539795
1283,0,3.2511157989501953
1284,0,2.138638734817505
1285,0,4.9503493309021
1286,0,3.7034103870391846
1287,0,3.8456544876098633
1288,0,2.615875720977783
1289,0,3.748333215713501
1290,0,2.5705626010894775
1291,0,4.121776580810547
1292,0,2.53096866607666
1293,0,2.7102580070495605
1294,0,3.4813930988311768
1295,0,2.4669787883758545
1296,0,2.876481771469116
1297,0,4.249321460723877
1298,0,3.1587538719177246
1299,0,3.2984821796417236
1300,0,2.9328250885009766
1301,0,2.6574649810791016
1302,0,4.502848148345947
1303,0,2.0269129276275635
1304,0,3.7970564365386963
1305,0,3.3973214626312256
1306,0,1.7148224115371704
1307,0,3.8134751319885254
1308,0,2.7594923973083496
1309,0,2.9811837673187256
1310,0,2.334685802459717
1311,0,1.6556339263916016
1312,0,3.1931841373443604
1313,0,4.6494269371032715
1314,0,1.8937466144561768
1315,0,3.3351309299468994
1316,0,2.651357889175415
1317,0,3.028642177581787
1318,0,1.7964270114898682
1319,0,3.3005597591400146
1320,0,2.833081007003784
1321,0,1.6350548267364502
1322,0,2.4050827026367188
1323,0,2.6224987506866455
1324,0,3.9046788215637207
1325,0,4.5179948806762695
1326,0,2.8181588649749756
1327,0,2.158968448638916
1328,0,5.335471153259277
1329,0,3.021186590194702
1330,0,3.64501690864563
1331,0,3.162548303604126
1332,0,4.517030715942383
1333,0,2.3994922637939453
1334,0,3.983157157897949
1335,0,3.4345428943634033
1336,0,2.255471706390381
1337,0,4.55434513092041
1338,0,4.066623210906982
1339,0,3.3965721130371094
1340,0,3.016310691833496
1341,0,2.445441484451294
1342,0,2.1648478507995605
1343,0,2.3353867530822754
1344,0,1.9071829319000244
1345,0,3.0555031299591064
1346,0,2.94766902923584
1347,0,3.6965928077697754
1348,0,2.7922046184539795
1349,0,3.9777185916900635
1350,0,3.434213638305664
1351,0,5.121785640716553
1352,0,3.1288881301879883
1353,0,2.859901189804077
1354,0,1.8861106634140015
1355,0,2.692061185836792
1356,0,3.0868477821350098
1357,0,1.9201570749282837
1358,0,4.445769786834717
1359,0,4.264349937438965
1360,0,4.131762981414795
1361,0,2.1450717449188232
1362,0,2.942807912826538
1363,0,2.3873465061187744
1364,0,3.215569496154785
1365,0,4.220859527587891
1366,0,3.5603761672973633
1367,0,2.3787219524383545
1368,0,2.8664979934692383
1369,0,2.311605930328369
1370,0,2.3273377418518066
1371,0,2.1720192432403564
1372,0,3.1078178882598877
1373,0,2.8520162105560303
1374,0,2.279238224029541
1375,0,1.969528317451477
1376,0,3.2586140632629395
1377,0,2.401369571685791
1378,0,4.251083850860596
1379,0,2.5248541831970215
1380,0,2.9386987686157227
1381,0,1.8850574493408203
1382,0,2.245335340499878
1383,0,3.217297315597534
1384,0,1.9196802377700806
1385,0,3.1949753761291504
1386,0,2.9860901832580566
1387,0,3.557539224624634
1388,0,2.5711348056793213
1389,0,3.5190389156341553
1390,0,3.1814887523651123
1391,0,2.3177125453948975
1392,0,3.4140124320983887
1393,0,2.2204172611236572
1394,0,3.370108127593994
1395,0,3.99353289604187
1396,0,1.6591624021530151
1397,0,4.098471641540527
1398,0,3.3396575450897217
1399,0,2.5911612510681152
1400,0,3.9450178146362305
1401,0,3.9644815921783447
1402,0,2.9918270111083984
1403,0,4.715495586395264
1404,0,4.007440090179443
1405,0,2.9749367237091064
1406,0,2.2112138271331787
1407,0,1.6579310894012451
1408,0,4.886989593505859
1409,0,2.954720973968506
1410,0,3.785627603530884
1411,0,3.944117784500122
1412,0,4.1997761726379395
1413,0,4.200507164001465
1414,0,4.086541652679443
1415,0,3.1707615852355957
1416,0,2.653201103210449
1417,0,3.553311824798584
1418,0,2.5225586891174316
1419,0,3.0357494354248047
1420,0,2.235755443572998
1421,0,1.5061299800872803
1422,0,2.3448007106781006
1423,0,2.9343502521514893
1424,0,2.651022434234619
1425,0,2.95151948928833
1426,0,4.149552345275879
1427,0,2.6603121757507324
1428,0,5.169029235839844
1429,0,3.983921766281128
1430,0,3.6700093746185303
1431,0,3.8450875282287598
1432,0,3.4478490352630615
1433,0,2.9601917266845703
1434,0,3.174062490463257
1435,0,3.6157960891723633
1436,0,2.639209032058716
1437,0,2.913144588470459
1438,0,3.7162981033325195
1439,0,2.6561527252197266
1440,0,2.7265255451202393
1441,0,2.2495765686035156
1442,0,3.9826173782348633
1443,0,5.0894455909729
1444,0,3.0784215927124023
1445,0,2.328320264816284
1446,0,2.2775888442993164
1447,0,2.26515531539917
1448,0,2.8612053394317627
1449,0,2.7777695655822754
1450,0,1.7533619403839111
1451,0,2.8127410411834717
1452,0,3.3326950073242188
1453,0,2.1094045639038086
1454,0,2.4962971210479736
1455,0,2.3918423652648926
1456,0,3.6679797172546387
1457,0,2.6428866386413574
1458,0,2.1559057235717773
1459,0,1.752471923828125
1460,0,3.069284677505493
1461,0,1.1664577722549438
1462,0,3.748652458190918
1463,0,3.729936361312866
1464,0,5.060240745544434
1465,0,5.606037616729736
1466,0,3.253366470336914
1467,0,3.8096776008605957
1468,0,5.5461530685424805
1469,0,2.2635996341705322
1470,0,3.7512311935424805
1471,0,3.985435724258423
1472,0,1.810380458831787
1473,0,2.6074717044830322
1474,0,2.5666773319244385
1475,0,4.037196636199951
1476,0,4.882501125335693
1477,0,2.5165793895721436
1478,0,3.0577409267425537
1479,0,2.7108500003814697
1480,0,3.6182444095611572
1481,0,2.1515719890594482
1482,0,2.3646419048309326
1483,0,2.52142333984375
1484,0,5.382796287536621
1485,0,3.355872869491577
1486,0,3.8292229175567627
1487,0,3.029341697692871
1488,0,3.823521852493286
1489,0,2.4330272674560547
1490,0,2.9623050689697266
1491,0,2.4167861938476562
1492,0,3.3552820682525635
1493,0,3.464660167694092
1494,0,2.0132696628570557
1495,0,2.286536455154419
1496,0,2.008906126022339
1497,0,1.7948298454284668
1498,0,2.48797607421875
1499,0,4.006046772003174
1500,0,1.3423365354537964
1501,0,5.075467109680176
1502,0,3.390486001968384
1503,0,3.5113027095794678
1504,0,2.2456002235412598
1505,0,1.6061794757843018
1506,0,4.9184699058532715
1507,0,3.2850167751312256
1508,0,2.9249298572540283
1509,0,2.1112513542175293
1510,0,3.3561763763427734
1511,0,4.03998327255249
1512,0,2.584954023361206
1513,0,3.8687174320220947
1514,0,3.318645477294922
1515,0,2.094309091567993
1516,0,3.377957344055176
1517,0,4.873974800109863
1518,0,2.037060260772705
1519,0,3.4284651279449463
1520,0,2.572942018508911
1521,0,2.9420387744903564
1522,0,2.111297369003296
1523,0,2.001772880554199
1524,0,3.2410264015197754
1525,0,2.3814897537231445
1526,0,2.3983042240142822
1527,0,3.1254117488861084
1528,0,1.8205195665359497
1529,0,3.4508397579193115
1530,0,2.3987009525299072
1531,0,2.6261250972747803
1532,0,2.868345022201538
1533,0,3.328442335128784
1534,0,1.671043872833252
1535,0,3.1358108520507812
1536,0,3.2327377796173096
1537,0,2.227736234664917
1538,0,4.496415615081787
1539,0,2.249279022216797
1540,0,3.6384243965148926
1541,0,2.6630616188049316
1542,0,2.3793654441833496
1543,0,2.776503562927246
1544,0,2.999133825302124
1545,0,3.122246742248535
1546,0,2.574449062347412
1547,0,2.190232992172241
1548,0,3.7695538997650146
1549,0,2.8380935192108154
1550,0,3.390470504760742
1551,0,2.1505789756774902
1552,0,2.6704013347625732
1553,0,1.9415899515151978
1554,0,4.570643901824951
1555,0,3.409602642059326
1556,0,2.7105319499969482
1557,0,2.0132369995117188
1558,0,2.2926735877990723
1559,0,4.139609336853027
1560,0,3.1744627952575684
1561,0,2.643749952316284
1562,0,3.767648696899414
1563,0,3.0499494075775146
1564,0,2.6339094638824463
1565,0,2.5857279300689697
1566,0,4.1041693687438965
1567,0,3.1732852458953857
1568,0,1.9335761070251465
1569,0,3.679194450378418
1570,0,3.2571957111358643
1571,0,2.70927357673645
1572,0,2.305401086807251
1573,0,5.399850368499756
1574,0,2.3156871795654297
1575,0,1.674450397491455
1576,0,2.2512967586517334
1577,0,5.08806848526001
1578,0,4.760683059692383
1579,0,2.557631492614746
1580,0,2.6497998237609863
1581,0,3.206997871398926
1582,0,2.672633647918701
1583,0,4.334806442260742
1584,0,3.904939651489258
1585,0,3.1813979148864746
1586,0,2.709261894226074
1587,0,1.8745927810668945
1588,0,2.041848659515381
1589,0,1.8632526397705078
1590,0,2.7958896160125732
1591,0,1.4630039930343628
1592,0,3.154099464416504
1593,0,1.9395968914031982
1594,0,1.7082982063293457
1595,0,3.4909214973449707
1596,0,3.9784035682678223
1597,0,2.72426176071167
1598,0,3.371478319168091
1599,0,3.4522781372070312
1600,0,2.291191577911377
1601,0,3.043151378631592
1602,0,1.8059072494506836
1603,0,3.0206360816955566
1604,0,3.2846028804779053
1605,0,2.726069450378418
1606,0,3.2322237491607666
1607,0,2.589905023574829
1608,0,2.113246440887451
1609,0,2.5660226345062256
1610,0,4.412418365478516
1611,0,2.291626214981079
1612,0,3.1301522254943848
1613,0,3.464381694793701
1614,0,3.4964027404785156
1615,0,2.59023118019104
1616,0,1.441077470779419
1617,0,2.77725887298584
1618,0,1.2430492639541626
1619,0,2.890784502029419
1620,0,2.8364601135253906
1621,0,2.8437907695770264
1622,0,3.2681262493133545
1623,0,3.095398426055908
1624,0,2.258389711380005
1625,0,3.1313459873199463
1626,0,1.4461314678192139
1627,0,2.743133068084717
1628,0,3.491027355194092
1629,0,2.221129894256592
1630,0,2.8860809803009033
1631,0,4.1090168952941895
1632,0,3.125136137008667
1633,0,1.866743803024292
1634,0,2.3564250469207764
1635,0,2.6818323135375977
1636,0,3.0654749870300293
1637,0,3.0880959033966064
1638,0,1.7609906196594238
1639,0,3.364387035369873
1640,0,3.0661325454711914
1641,0,2.1407883167266846
1642,0,2.446930170059204
1643,0,2.8454277515411377
1644,0,3.1168289184570312
1645,0,3.15690016746521
1646,0,3.053656578063965
1647,0,2.466754198074341
1648,0,2.7986323833465576
1649,0,2.6228532791137695
1650,0,2.0621249675750732
1651,0,3.341446876525879
1652,0,2.8321034908294678
1653,0,3.7165472507476807
1654,0,3.2123818397521973
1655,0,1.624715805053711
1656,0,2.0193848609924316
1657,0,2.102313280105591
1658,0,2.926657199859619
1659,0,3.0814011096954346
1660,0,2.099607229232788
1661,0,3.606078863143921
1662,0,3.4049766063690186
1663,0,3.2495245933532715
1664,0,3.3282573223114014
1665,0,2.612244129180908
1666,0,3.1396074295043945
1667,0,3.4747469425201416
1668,0,2.6595122814178467
1669,0,2.4991846084594727
1670,0,3.81295108795166
1671,0,1.632694959640503
1672,0,2.33219838142395
1673,0,3.5171289443969727
1674,0,2.972400665283203
1675,0,2.861541271209717
1676,0,2.5154001712799072
1677,0,2.8910913467407227
1678,0,2.925166606903076
1679,0,4.732941627502441
1680,0,4.045191287994385
1681,0,4.410081386566162
1682,0,2.773939847946167
1683,0,2.169818878173828
1684,0,3.3387458324432373
1685,0,2.643000841140747
1686,0,2.9552836418151855
1687,0,1.6601957082748413
1688,0,1.9945971965789795
1689,0,2.442652463912964
1690,0,3.765064001083374
1691,0,2.13723087310791
1692,0,1.3940953016281128
1693,0,2.410365581512451
1694,0,2.966813564300537
1695,0,1.983697533607483
1696,0,3.12512469291687
1697,0,3.3612465858459473
1698,0,2.202122688293457
1699,0,3.4958791732788086
1700,0,2.2766377925872803
1701,0,2.7421796321868896
1702,0,1.7609100341796875
1703,0,2.828416347503662
1704,0,4.5136189460754395
1705,0,2.9597654342651367
1706,0,2.926109790802002
1707,0,2.2873921394348145
1708,0,3.8118224143981934
1709,0,2.7099225521087646
1710,0,2.0622212886810303
1711,0,2.439836025238037
1712,0,2.601224184036255
1713,0,4.7841644287109375
1714,0,1.8406965732574463
1715,0,4.7691826820373535
1716,0,3.3069980144500732
1717,0,2.792886972427368
1718,0,2.6247904300689697
1719,0,2.2280633449554443
1720,0,3.9938697814941406
1721,0,1.2925435304641724
1722,0,3.3444714546203613
1723,0,3.3061745166778564
1724,0,2.7631077766418457
1725,0,3.4865689277648926
1726,0,3.9413084983825684
1727,0,2.578430414199829
1728,0,2.258236885070801
1729,0,3.8362576961517334
1730,0,5.41027307510376
1731,0,2.0511598587036133
1732,0,1.6839896440505981
1733,0,2.555473566055298
1734,0,3.2037646770477295
1735,0,2.334996461868286
1736,0,3.286810874938965
1737,0,2.045175075531006
1738,0,2.2513298988342285
1739,0,3.0699849128723145
1740,0,2.3158042430877686
1741,0,2.551738977432251
1742,0,2.958627223968506
1743,0,1.6896812915802002
1744,0,2.6045796871185303
1745,0,3.5706968307495117
1746,0,2.7795310020446777
1747,0,2.509394884109497
1748,0,2.8472254276275635
1749,0,3.005146026611328
1750,0,3.747568130493164
1751,0,4.289711952209473
1752,0,4.160901069641113
1753,0,1.7379705905914307
1754,0,3.4520280361175537
1755,0,1.6854979991912842
1756,0,2.706322431564331
1757,0,2.383240222930908
1758,0,3.924563407897949
1759,0,1.4360846281051636
1760,0,2.5049307346343994
1761,0,2.6409356594085693
1762,0,1.8833463191986084
1763,0,3.6735024452209473
1764,0,2.018434762954712
1765,0,3.09830379486084
1766,0,2.8789737224578857
1767,0,1.6940187215805054
1768,0,2.325289249420166
1769,0,3.0627408027648926
1770,0,2.2786829471588135
1771,0,1.4720486402511597
1772,0,3.203483819961548
1773,0,4.201222896575928
1774,0,3.479646921157837
1775,0,1.8562365770339966
1776,0,3.707376003265381
1777,0,3.810762882232666
1778,0,3.2486202716827393
1779,0,2.8539087772369385
1780,0,3.9049723148345947
1781,0,4.8366618156433105
1782,0,1.9811177253723145
1783,0,2.981006622314453
1784,0,2.8805809020996094
1785,0,2.8159148693084717
1786,0,3.206925630569458
1787,0,4.002001762390137
1788,0,2.2010083198547363
1789,0,4.210543632507324
1790,0,2.7255189418792725
1791,0,3.1361818313598633
1792,0,3.190854549407959
1793,0,3.597531795501709
1794,0,2.3327081203460693
1795,0,1.2068707942962646
1796,0,4.22178840637207
1797,0,4.536413669586182
1798,0,3.6877901554107666
1799,0,2.2773754596710205
1800,0,2.970552682876587
1801,0,3.683884620666504
1802,0,2.38138484954834
1803,0,3.7231297492980957
1804,0,2.3383994102478027
1805,0,3.252809762954712
1806,0,1.9705256223678589
1807,0,2.4952731132507324
1808,0,1.9754170179367065
1809,0,2.901057720184326
1810,0,2.263002634048462
1811,0,2.43332839012146
1812,0,3.5251097679138184
1813,0,2.5459017753601074
1814,0,1.2454700469970703
1815,0,1.4465304613113403
1816,0,1.3930155038833618
1817,0,4.493891716003418
1818,0,3.4215359687805176
1819,0,2.2605433464050293
1820,0,3.7051756381988525
1821,0,3.9735047817230225
1822,0,2.6108031272888184
1823,0,3.4725546836853027
1824,0,3.1057567596435547
1825,0,3.250251293182373
1826,0,4.039886474609375
1827,0,4.941882610321045
1828,0,1.7472195625305176
1829,0,3.03218936920166
1830,0,4.345241546630859
1831,0,2.3075432777404785
1832,0,3.66802978515625
1833,0,3.231168508529663
1834,0,1.6560262441635132
1835,0,4.008618354797363
1836,0,3.2009243965148926
1837,0,3.2572951316833496
1838,0,1.5019644498825073
1839,0,3.1268553733825684
1840,0,3.444720983505249
1841,0,2.284691572189331
1842,0,4.573819637298584
1843,0,2.352121114730835
1844,0,1.9823839664459229
1845,0,2.0914602279663086
1846,0,3.4519262313842773
1847,0,2.225921869277954
1848,0,1.6433852910995483
1849,0,3.3346681594848633
1850,0,2.685739040374756
1851,0,4.054568767547607
1852,0,3.370823860168457
1853,0,4.013624668121338
1854,0,2.5652952194213867
1855,0,3.6529409885406494
1856,0,4.641806602478027
1857,0,2.8595380783081055
1858,0,1.7728583812713623
1859,0,3.8253116607666016
1860,0,3.2615222930908203
1861,0,2.38885498046875
1862,0,3.450063467025757
1863,0,2.997615098953247
1864,0,2.1402547359466553
1865,0,3.3222854137420654
1866,0,1.670837640762329
1867,0,2.8910937309265137
1868,0,2.61413311958313
1869,0,3.63277530670166
1870,0,1.5336698293685913
1871,0,2.950946569442749
1872,0,3.9589343070983887
1873,0,3.857492208480835
1874,0,1.3872041702270508
1875,0,2.544785499572754
1876,0,1.8554011583328247
1877,0,3.286205530166626
1878,0,1.9016779661178589
1879,0,2.1318750381469727
1880,0,2.973893404006958
1881,0,2.5518088340759277
1882,0,2.5062594413757324
1883,0,2.6939847469329834
1884,0,2.89542818069458
1885,0,4.270829677581787
1886,0,2.617558479309082
1887,0,2.0178308486938477
1888,0,2.886991500854492
1889,0,2.3038387298583984
1890,0,2.355743408203125
1891,0,2.523437261581421
1892,0,1.3409160375595093
1893,0,4.1688761711120605
1894,0,1.8663177490234375
1895,0,2.7918076515197754
1896,0,2.652437686920166
1897,0,4.272393226623535
1898,0,3.246732711791992
1899,0,3.832658290863037
1900,0,2.3228766918182373
1901,0,4.8540568351745605
1902,0,3.5754542350769043
1903,0,2.5299501419067383
1904,0,2.0029094219207764
1905,0,3.436980962753296
1906,0,2.267082452774048
1907,0,2.8427624702453613
1908,0,3.452249050140381
1909,0,1.8542165756225586
1910,0,2.9022350311279297
1911,0,2.063870668411255
1912,0,2.2086265087127686
1913,0,2.7487316131591797
1914,0,3.02004337310791
1915,0,2.6767303943634033
1916,0,3.961737871170044
1917,0,3.9612479209899902
1918,0,2.2851390838623047
1919,0,3.019015073776245
1920,0,2.2183966636657715
1921,0,2.873350143432617
1922,0,2.2887496948242188
1923,0,2.164809226989746
1924,0,2.7591841220855713
1925,0,2.2885146141052246
1926,0,4.772839069366455
1927,0,3.1022441387176514
1928,0,3.0352962017059326
1929,0,2.2476093769073486
1930,0,2.59543514251709
1931,0,3.179108142852783
1932,0,2.761887550354004
1933,0,4.720723628997803
1934,0,2.433790445327759
1935,0,2.5398950576782227
1936,0,3.2707390785217285
1937,0,2.1657087802886963
1938,0,3.7173330783843994
1939,0,2.567519426345825
1940,0,1.6424823999404907
1941,0,2.1667673587799072
1942,0,1.612679362297058
1943,0,2.2978172302246094
1944,0,3.0734527111053467
1945,0,2.9353556632995605
1946,0,1.8204066753387451
1947,0,2.0675406455993652
1948,0,2.9744362831115723
1949,0,2.583415985107422
1950,0,2.0628905296325684
1951,0,2.939455986022949
1952,0,3.9977619647979736
1953,0,3.362630844116211
1954,0,2.475257396697998
1955,0,4.200714588165283
1956,0,3.594841241836548
1957,0,5.793737888336182
1958,0,3.6745212078094482
1959,0,3.9140214920043945
1960,0,3.177055597305298
1961,0,2.553640365600586
1962,0,1.212773084640503
1963,0,2.713073492050171
1964,0,3.428205728530884
1965,0,1.260189414024353
1966,0,3.174093723297119
1967,0,4.027786731719971
1968,0,3.100008249282837
1969,0,2.075028419494629
1970,0,2.7517874240875244
1971,0,4.0892815589904785
1972,0,2.6172053813934326
1973,0,1.9850438833236694
1974,0,1.9938223361968994
1975,0,4.038653373718262
1976,0,4.060842514038086
1977,0,2.120612382888794
1978,0,3.018756151199341
1979,0,2.5482051372528076
1980,0,2.8709208965301514
1981,0,3.0939862728118896
1982,0,4.356693744659424
1983,0,2.1535515785217285
1984,0,1.863197922706604
1985,0,3.2916390895843506
1986,0,2.550344467163086
1987,0,3.4372000694274902
1988,0,2.3296058177948
1989,0,3.1892800331115723
1990,0,4.6661858558654785
1991,0,2.6052463054656982
1992,0,1.7041059732437134
1993,0,3.0384416580200195
1994,0,3.961010694503784
1995,0,2.497551679611206
1996,0,4.827426910400391
1997,0,4.078803062438965
1998,0,2.416236400604248
1999,0,1.936334252357483
2000,0,2.454186201095581
2001,0,2.876840114593506
2002,0,3.6074271202087402
2003,0,4.511344909667969
2004,0,2.1535398960113525
2005,0,2.167043924331665
2006,0,4.067727565765381
2007,0,2.7028465270996094
2008,0,2.7053627967834473
2009,0,2.676128387451172
2010,0,0.9224308729171753
2011,0,2.9284770488739014
2012,0,2.2016940116882324
2013,0,3.792637348175049
2014,0,3.9999613761901855
2015,0,2.570286750793457
2016,0,1.9732625484466553
2017,0,2.975184440612793
2018,0,2.3702027797698975
2019,0,2.958601236343384
2020,0,2.641587734222412
2021,0,3.1131861209869385
2022,0,4.0993781089782715
2023,0,2.361004590988159
2024,0,2.947629451751709
2025,0,2.052006483078003
2026,0,4.322803497314453
2027,0,2.722228527069092
2028,0,2.874420404434204
2029,0,3.833526134490967
2030,0,3.3715932369232178
2031,0,2.890993356704712
2032,0,3.128649950027466
2033,0,3.5315351486206055
2034,0,3.9300284385681152
2035,0,1.7559434175491333
2036,0,1.4865705966949463
2037,0,2.858931541442871
2038,0,3.0447275638580322
2039,0,3.6283140182495117
2040,0,2.348714828491211
2041,0,2.6036159992218018
2042,0,4.221013069152832
2043,0,2.9559035301208496
2044,0,4.6176371574401855
2045,0,2.7022039890289307
2046,0,5.359225273132324
2047,0,2.7502102851867676
2048,0,2.814795970916748
2049,0,5.275002479553223
2050,0,4.846378803253174
2051,0,3.752154588699341
2052,0,3.239945411682129
2053,0,3.628697395324707
2054,0,1.785322666168213
2055,0,3.509734869003296
2056,0,2.8339805603027344
2057,0,5.205327987670898
2058,0,2.77302622795105
2059,0,3.217973470687866
2060,0,4.534061431884766
2061,0,2.9714865684509277
2062,0,3.327061891555786
2063,0,2.0843656063079834
2064,0,4.197613716125488
2065,0,4.234786033630371
2066,0,2.798184871673584
2067,0,3.470104932785034
2068,0,1.2794002294540405
2069,0,2.660268783569336
2070,0,2.6772024631500244
2071,0,2.3901453018188477
2072,0,2.979627847671509
2073,0,2.742088794708252
2074,0,4.400079250335693
2075,0,3.751692295074463
2076,0,3.5965020656585693
2077,0,3.2433834075927734
2078,0,2.47335147857666
2079,0,3.034600257873535
2080,0,1.73734712600708
2081,0,2.2785308361053467
2082,0,4.058218955993652
2083,0,4.088228702545166
2084,0,2.842233419418335
2085,0,4.958305358886719
2086,0,3.0434255599975586
2087,0,2.603369951248169
2088,0,1.7030529975891113
2089,0,3.4845848083496094
2090,0,3.9364173412323
2091,0,4.505836009979248
2092,0,4.14110803604126
2093,0,2.187119245529175
2094,0,3.0449016094207764
2095,0,2.9954636096954346
2096,0,2.614187240600586
2097,0,3.3938117027282715
2098,0,2.287111759185791
2099,0,3.1396751403808594
2100,0,2.8112194538116455
2101,0,1.6753302812576294
2102,0,4.867487907409668
2103,0,2.2351341247558594
2104,0,1.9038376808166504
2105,0,3.7799994945526123
2106,0,3.397747278213501
2107,0,2.896064519882202
2108,0,1.9596800804138184
2109,0,4.975957870483398
2110,0,5.315298080444336
2111,0,2.5185387134552
2112,0,2.3338675498962402
2113,0,2.218700647354126
2114,0,3.21370005607605
2115,0,3.3975741863250732
2116,0,3.8126749992370605
2117,0,4.828752040863037
2118,0,2.7394633293151855
2119,0,3.4833967685699463
2120,0,1.6835108995437622
2121,0,3.4793829917907715
2122,0,3.972193479537964
2123,0,4.300409317016602
2124,0,5.043895244598389
2125,0,2.872518301010132
2126,0,1.9362399578094482
2127,0,2.1299831867218018
2128,0,3.0157957077026367
2129,0,3.3048956394195557
2130,0,1.7956924438476562
2131,0,2.151012897491455
2132,0,1.4078991413116455
2133,0,2.4495692253112793
2134,0,1.7625508308410645
2135,0,3.1825876235961914
2136,0,4.329015254974365
2137,0,3.1890852451324463
2138,0,2.9463367462158203
2139,0,3.3086085319519043
2140,0,2.4082703590393066
2141,0,2.1686718463897705
2142,0,1.7019071578979492
2143,0,3.5551395416259766
2144,0,2.7315547466278076
2145,0,3.4708058834075928
2146,0,1.657558560371399
2147,0,3.1489593982696533
2148,0,1.9633630514144897
2149,0,2.4436678886413574
2150,0,3.6791577339172363
2151,0,3.4331631660461426
2152,0,3.352799415588379
2153,0,3.5673937797546387
2154,0,3.105173110961914
2155,0,2.2344582080841064
2156,0,4.158825397491455
2157,0,3.4923794269561768
2158,0,3.300044298171997
2159,0,1.9894568920135498
2160,0,5.066946983337402
2161,0,2.271655559539795
2162,0,2.7074081897735596
2163,0,3.790968418121338
2164,0,4.283355712890625
2165,0,2.037789821624756
2166,0,4.550075054168701
2167,0,3.4255449771881104
2168,0,2.420866012573242
2169,0,1.8404978513717651
2170,0,2.6933538913726807
2171,0,2.1583025455474854
2172,0,3.5147407054901123
2173,0,4.039560794830322
2174,0,3.147459030151367
2175,0,3.3679234981536865
2176,0,4.265278339385986
2177,0,2.13516902923584
2178,0,3.567213296890259
2179,0,2.1531765460968018
2180,0,4.4949445724487305
2181,0,3.132223606109619
2182,0,2.8795175552368164
2183,0,4.537465572357178
2184,0,3.6290791034698486
2185,0,3.7758593559265137
2186,0,1.6446540355682373
2187,0,2.678255081176758
2188,0,3.634406805038452
2189,0,2.885418653488159
2190,0,3.004657030105591
2191,0,2.6671996116638184
2192,0,2.9078283309936523
2193,0,3.2113444805145264
2194,0,1.8025883436203003
2195,0,2.5905332565307617
2196,0,3.4892544746398926
2197,0,3.4004807472229004
2198,0,3.0067527294158936
2199,0,2.2122561931610107
2200,0,2.1569724082946777
2201,0,2.818866729736328
2202,0,2.8070971965789795
2203,0,1.9632983207702637
2204,0,3.0802054405212402
2205,0,3.5478131771087646
2206,0,2.4535202980041504
2207,0,2.2140777111053467
2208,0,2.3008105754852295
2209,0,2.559389114379883
2210,0,3.812086343765259
2211,0,4.640754699707031
2212,0,2.061918020248413
2213,0,2.1942756175994873
2214,0,2.8624775409698486
2215,0,3.252373456954956
2216,0,2.1012067794799805
2217,0,3.2973155975341797
2218,0,3.4008045196533203
2219,0,3.33180570602417
2220,0,2.078909397125244
2221,0,4.590490341186523
2222,0,2.4128830432891846
2223,0,1.9962080717086792
2224,0,3.710960865020752
2225,0,3.1702027320861816
2226,0,3.0195417404174805
2227,0,3.7113757133483887
2228,0,3.0873255729675293
2229,0,2.1754908561706543
2230,0,2.621680736541748
2231,0,2.945012092590332
2232,0,2.8776862621307373
2233,0,1.574815034866333
2234,0,2.9025630950927734
2235,0,1.8798441886901855
2236,0,1.88840913772583
2237,0,2.0593180656433105
2238,0,2.1570212841033936
2239,0,1.4274731874465942
2240,0,2.290442943572998
2241,0,3.1927456855773926
2242,0,2.1123132705688477
2243,0,4.413751602172852
2244,0,3.2529871463775635
2245,0,1.7956194877624512
2246,0,2.854970932006836
2247,0,2.6367757320404053
2248,0,2.4008941650390625
2249,0,3.054304838180542
2250,0,3.139791965484619
2251,0,2.7789480686187744
2252,0,3.389340400695801
2253,0,2.224459171295166
2254,0,3.714797019958496
2255,0,2.278376817703247
2256,0,2.948667526245117
2257,0,3.088155508041382
2258,0,2.5959537029266357
2259,0,2.472489833831787
2260,0,2.505502939224243
2261,0,3.0528457164764404
2262,0,2.493520736694336
2263,0,2.740403175354004
2264,0,3.1797680854797363
2265,0,1.389784336090088
2266,0,2.960252285003662
2267,0,2.749635696411133
2268,0,3.0404083728790283
2269,0,2.288567066192627
2270,0,3.7293293476104736
2271,0,2.5841896533966064
2272,0,3.0247983932495117
2273,0,3.201228380203247
2274,0,2.501465082168579
2275,0,2.9287543296813965
2276,0,3.0064995288848877
2277,0,2.51656436920166
2278,0,2.0722496509552
2279,0,3.2918248176574707
2280,0,1.7276947498321533
2281,0,2.5519773960113525
2282,0,3.0517520904541016
2283,0,2.7503087520599365
2284,0,4.383312702178955
2285,0,2.931403875350952
2286,0,1.9385097026824951
2287,0,2.7271101474761963
2288,0,1.6354137659072876
2289,0,2.3510985374450684
2290,0,3.662262439727783
2291,0,3.3760242462158203
2292,0,3.4525134563446045
2293,0,2.757946729660034
2294,0,3.607877492904663
2295,0,1.8676854372024536
2296,0,3.8327808380126953
2297,0,2.4884192943573
2298,0,2.031416654586792
2299,0,2.2873969078063965
2300,0,2.995279312133789
2301,0,2.754528284072876
2302,0,3.3659424781799316
2303,0,1.8890935182571411
2304,0,2.2062556743621826
2305,0,2.1501588821411133
2306,0,2.379695177078247
2307,0,2.7019009590148926
2308,0,3.4437613487243652
2309,0,2.3727853298187256
2310,0,3.7360990047454834
2311,0,2.7069783210754395
2312,0,1.9181063175201416
2313,0,3.3804895877838135
2314,0,2.2663791179656982
2315,0,2.893523693084717
2316,0,2.0147101879119873
2317,0,3.0804288387298584
2318,0,2.908937454223633
2319,0,4.42249059677124
2320,0,1.838550090789795
2321,0,2.2683157920837402
2322,0,2.957094192504883
2323,0,2.9182019233703613
2324,0,2.563683032989502
2325,0,2.7201130390167236
2326,0,1.5926861763000488
2327,0,2.6336824893951416
2328,0,2.8444676399230957
2329,0,1.881879210472107
2330,0,3.7178564071655273
2331,0,3.6234638690948486
2332,0,2.6171655654907227
2333,0,1.2694618701934814
2334,0,2.5893073081970215
2335,0,2.195239782333374
2336,0,3.2233119010925293
2337,0,2.6994924545288086
2338,0,2.422899007797241
2339,0,3.2526168823242188
2340,0,1.6559361219406128
2341,0,1.7540843486785889
2342,0,3.796884536743164
2343,0,2.3173227310180664
2344,0,2.911834239959717
2345,0,3.4351749420166016
2346,0,3.259791851043701
2347,0,3.425584316253662
2348,0,2.080888271331787
2349,0,2.457592725753784
2350,0,3.3661417961120605
2351,0,2.8542160987854004
2352,0,2.700965642929077
2353,0,2.4283459186553955
2354,0,2.6481592655181885
2355,0,3.143639326095581
2356,0,5.807278633117676
2357,0,2.7415952682495117
2358,0,2.1475067138671875
2359,0,2.6566214561462402
2360,0,2.596719980239868
2361,0,2.8564727306365967
2362,0,1.8267489671707153
2363,0,3.7134780883789062
2364,0,4.182807922363281
2365,0,3.186270236968994
2366,0,3.137974262237549
2367,0,4.208648681640625
2368,0,4.221926689147949
2369,0,3.173060894012451
2370,0,2.2799901962280273
2371,0,3.185514450073242
2372,0,3.168921947479248
2373,0,1.5766113996505737
2374,0,1.932141661643982
2375,0,2.5527327060699463
2376,0,2.8053784370422363
2377,0,3.611640214920044
2378,0,4.2354936599731445
2379,0,2.5224926471710205
2380,0,2.7911159992218018
2381,0,2.308444023132324
2382,0,2.3825533390045166
2383,0,2.4872939586639404
2384,0,3.7971768379211426
2385,0,2.684117555618286
2386,0,1.6360230445861816
2387,0,2.2461962699890137
2388,0,3.423267126083374
2389,0,2.3437886238098145
2390,0,2.65683913230896
2391,0,2.603992223739624
2392,0,1.8807313442230225
2393,0,3.334622621536255
2394,0,3.5592269897460938
2395,0,3.1757965087890625
2396,0,2.2812204360961914
2397,0,1.7422810792922974
2398,0,2.3163557052612305
2399,0,2.631795883178711
2400,0,2.7950875759124756
2401,0,3.1841437816619873
2402,0,2.8705825805664062
2403,0,2.9296746253967285
2404,0,3.294400453567505
2405,0,4.015974044799805
2406,0,1.3791859149932861
2407,0,2.620713710784912
2408,0,3.1888010501861572
2409,0,4.148767948150635
2410,0,2.2290308475494385
2411,0,3.077467679977417
2412,0,2.078650712966919
2413,0,1.6589395999908447
2414,0,2.4706151485443115
2415,0,2.8054885864257812
2416,0,2.282099962234497
2417,0,2.5575881004333496
2418,0,3.123061180114746
2419,0,2.6061851978302
2420,0,2.0643389225006104
2421,0,3.606271743774414
2422,0,1.8720005750656128
2423,0,2.8587770462036133
2424,0,2.4532999992370605
2425,0,1.9677187204360962
2426,0,2.045001268386841
2427,0,3.7002975940704346
2428,0,2.1945247650146484
2429,0,3.723527431488037
2430,0,3.275394916534424
2431,0,2.2456181049346924
2432,0,2.2764787673950195
2433,0,1.8202272653579712
2434,0,2.937373399734497
2435,0,2.8428988456726074
2436,0,1.951955795288086
2437,0,2.665377140045166
2438,0,2.576493263244629
2439,0,3.4791624546051025
2440,0,2.7201781272888184
2441,0,3.002887725830078
2442,0,2.4944815635681152
2443,0,3.4321422576904297
2444,0,3.3766067028045654
2445,0,2.2967379093170166
2446,0,3.3113346099853516
2447,0,5.270997047424316
2448,0,3.543956756591797
2449,0,2.103468894958496
2450,0,4.86961030960083
2451,0,3.1277430057525635
2452,0,3.217725992202759
2453,0,3.691354513168335
2454,0,5.1472883224487305
2455,0,3.408168315887451
2456,0,3.7359604835510254
2457,0,4.314168930053711
2458,0,4.923872470855713
2459,0,3.220261812210083
2460,0,2.90061092376709
2461,0,2.8595950603485107
2462,0,3.3622334003448486
2463,0,3.9924838542938232
2464,0,2.796722412109375
2465,0,2.65128493309021
2466,0,1.7383971214294434
2467,0,2.987208366394043
2468,0,2.798523187637329
2469,0,5.0935444831848145
2470,0,4.052792072296143
2471,0,5.134685516357422
2472,0,3.24851655960083
2473,0,4.506354331970215
2474,0,3.531902313232422
2475,0,2.456693649291992
2476,0,3.3297157287597656
2477,0,3.1734135150909424
2478,0,3.53011417388916
2479,0,4.1557159423828125
2480,0,2.3384666442871094
2481,0,2.2470884323120117
2482,0,1.7873955965042114
2483,0,2.1761364936828613
2484,0,5.532676696777344
2485,0,2.409114122390747
2486,0,3.1693742275238037
2487,0,3.9455811977386475
2488,0,1.920373797416687
2489,0,5.5532941818237305
2490,0,3.909226655960083
2491,0,4.846474647521973
2492,0,3.441718101501465
2493,0,2.9723117351531982
2494,0,4.673678398132324
2495,0,0.921268105506897
2496,0,4.212271690368652
2497,0,4.359681606292725
2498,0,3.115283966064453
2499,0,2.269200325012207
2500,0,1.52924644947052
2501,0,2.376192569732666
2502,0,4.4088544845581055
2503,0,2.8610591888427734
2504,0,2.3100600242614746
2505,0,3.5226588249206543
2506,0,3.319185256958008
2507,0,4.041927814483643
2508,0,3.004218816757202
2509,0,4.703628063201904
2510,0,2.727569818496704
2511,0,2.8350753784179688
2512,0,1.8930931091308594
2513,0,2.9527692794799805
2514,0,3.169398069381714
2515,0,2.326338529586792
2516,0,3.150085210800171
2517,0,3.2578284740448
2518,0,3.0855789184570312
2519,0,4.492877960205078
2520,0,2.6633386611938477
2521,0,1.640962839126587
2522,0,2.0608925819396973
2523,0,2.6098685264587402
2524,0,3.699984550476074
2525,0,2.9885094165802
2526,0,2.7817742824554443
2527,0,6.368082046508789
2528,0,4.429913520812988
2529,0,1.922919750213623
2530,0,3.3941783905029297
2531,0,2.7218177318573
2532,0,3.560741901397705
2533,0,3.78896164894104
2534,0,4.622424602508545
2535,0,4.102405071258545
2536,0,3.9253592491149902
2537,0,3.818145513534546
2538,0,2.5052366256713867
2539,0,2.826859951019287
2540,0,3.4866273403167725
2541,0,2.3228347301483154
2542,0,4.231645107269287
2543,0,3.5305025577545166
2544,0,2.9758315086364746
2545,0,3.6149425506591797
2546,0,1.0347117185592651
2547,0,1.0346009731292725
2548,0,3.098741292953491
2549,0,3.1561226844787598
2550,0,3.0533289909362793
2551,0,3.077199935913086
2552,0,3.0602593421936035
2553,0,4.236241340637207
2554,0,3.5513997077941895
2555,0,3.288281202316284
2556,0,2.4827170372009277
2557,0,2.325843095779419
2558,0,3.5357813835144043
2559,0,3.1898274421691895
2560,0,3.966279983520508
2561,0,3.5705254077911377
2562,0,3.538672685623169
2563,0,4.302127838134766
2564,0,3.4696218967437744
2565,0,2.1497979164123535
2566,0,1.7515838146209717
2567,0,2.7880513668060303
2568,0,2.432974338531494
2569,0,2.4338886737823486
2570,0,3.4523959159851074
2571,0,4.110019207000732
2572,0,3.6642746925354004
2573,0,2.782222270965576
2574,0,3.182903289794922
2575,0,2.439441442489624
2576,0,2.2337069511413574
2577,0,5.21329402923584
2578,0,3.7442312240600586
2579,0,2.5929391384124756
2580,0,3.090508222579956
2581,0,4.271529674530029
2582,0,1.7676500082015991
2583,0,4.235982418060303
2584,0,3.866309881210327
2585,0,3.3728091716766357
2586,0,4.864697456359863
2587,0,3.4337100982666016
2588,0,3.8325839042663574
2589,0,3.5850977897644043
2590,0,3.6352086067199707
2591,0,3.9852850437164307
2592,0,4.676693916320801
2593,0,4.964091777801514
2594,0,2.0299925804138184
2595,0,2.067049980163574
2596,0,3.98624587059021
2597,0,2.691521406173706
2598,0,3.7353622913360596
2599,0,3.3741796016693115
2600,0,2.0041818618774414
2601,0,2.751352548599243
2602,0,2.2485945224761963
2603,0,1.8735320568084717
2604,0,4.335427284240723
2605,0,3.754732370376587
2606,0,2.7695353031158447
2607,0,2.9771549701690674
2608,0,1.6967822313308716
2609,0,2.5126471519470215
2610,0,3.8219242095947266
2611,0,2.220247745513916
2612,0,4.070957183837891
2613,0,2.7574870586395264
2614,0,3.0206542015075684
2615,0,3.4498820304870605
2616,0,3.876289129257202
2617,0,2.8201916217803955
2618,0,2.8728907108306885
2619,0,2.5142550468444824
2620,0,4.036614894866943
2621,0,2.6901047229766846
2622,0,3.5336315631866455
2623,0,4.214609146118164
2624,0,3.9802491664886475
2625,0,2.1013147830963135
2626,0,1.4455333948135376
2627,0,3.2477240562438965
2628,0,4.080312728881836
2629,0,4.30586576461792
2630,0,4.0457868576049805
2631,0,4.2519145011901855
2632,0,2.6590394973754883
2633,0,3.2993357181549072
2634,0,2.7885384559631348
2635,0,4.144791126251221
2636,0,2.9114885330200195
2637,0,2.2177882194519043
2638,0,2.5704216957092285
2639,0,1.9032514095306396
2640,0,3.849318742752075
2641,0,2.6298370361328125
2642,0,3.8809423446655273
2643,0,1.4010950326919556
2644,0,2.7136740684509277
2645,0,3.7623116970062256
2646,0,3.5859534740448
2647,0,2.5496935844421387
2648,0,2.8713080883026123
2649,0,4.2378926277160645
2650,0,2.9885406494140625
2651,0,3.5422356128692627
2652,0,2.5672075748443604
2653,0,4.864308834075928
2654,0,4.361886501312256
2655,0,3.779463291168213
2656,0,3.5490617752075195
2657,0,3.993576765060425
2658,0,1.4009888172149658
2659,0,3.176779270172119
2660,0,2.8213486671447754
2661,0,2.525024175643921
2662,0,3.999126672744751
2663,0,2.373023271560669
2664,0,5.82510232925415
2665,0,2.969418525695801
2666,0,4.160460472106934
2667,0,2.2914912700653076
2668,0,2.0156774520874023
2669,0,2.4412758350372314
2670,0,3.00514554977417
2671,0,3.295933723449707
2672,0,4.961940288543701
2673,0,3.078742504119873
2674,0,2.6385724544525146
2675,0,3.6556248664855957
2676,0,3.991669178009033
2677,0,2.841625690460205
2678,0,4.177915573120117
2679,0,3.1486544609069824
2680,0,3.292839765548706
2681,0,3.800581216812134
2682,0,2.837973117828369
2683,0,3.146571636199951
2684,0,3.2549996376037598
2685,0,1.9383351802825928
2686,0,3.315606117248535
2687,0,2.270900011062622
2688,0,4.276095390319824
2689,0,2.449291229248047
2690,0,4.874791622161865
2691,0,1.9044018983840942
2692,0,2.215061664581299
2693,0,2.2129764556884766
2694,0,2.999770164489746
2695,0,2.3554847240448
2696,0,2.321042776107788
2697,0,3.7443954944610596
2698,0,2.4191205501556396
2699,0,5.413266181945801
2700,0,3.372051954269409
2701,0,2.8014795780181885
2702,0,1.383774995803833
2703,0,0.9818016290664673
2704,0,2.868394374847412
2705,0,2.1071767807006836
2706,0,2.2429301738739014
2707,0,3.0459837913513184
2708,0,2.6902644634246826
2709,0,3.6261942386627197
2710,0,3.248246669769287
2711,0,4.015696048736572
2712,0,2.1681137084960938
2713,0,4.4781060218811035
2714,0,1.2793653011322021
2715,0,3.8129823207855225
2716,0,1.6342474222183228
2717,0,2.769880533218384
2718,0,2.847353458404541
2719,0,3.791658639907837
2720,0,3.0456273555755615
2721,0,2.512874126434326
2722,0,5.172242641448975
2723,0,3.3953428268432617
2724,0,4.889087677001953
2725,0,5.038022994995117
2726,0,3.702287197113037
2727,0,1.8859995603561401
2728,0,3.168527364730835
2729,0,4.34007453918457
2730,0,4.103198528289795
2731,0,3.124063491821289
2732,0,3.4991936683654785
2733,0,4.796468734741211
2734,0,2.883310556411743
2735,0,2.352602005004883
2736,0,2.122321128845215
2737,0,5.231882572174072
2738,0,5.128493785858154
2739,0,3.4804859161376953
2740,0,3.539818525314331
2741,0,1.950402021408081
2742,0,2.3971381187438965
2743,0,5.292230606079102
2744,0,2.973984956741333
2745,0,2.933605194091797
2746,0,4.0706257820129395
2747,0,2.385521650314331
2748,0,4.813370227813721
2749,0,3.2075610160827637
2750,0,1.6162868738174438
2751,0,3.666703701019287
2752,0,3.013263702392578
2753,0,3.8282229900360107
2754,0,4.2389116287231445
2755,0,3.1883842945098877
2756,0,4.099246025085449
2757,0,3.9870166778564453
2758,0,2.7264366149902344
2759,0,4.680574417114258
2760,0,4.498498916625977
2761,0,1.9397914409637451
2762,0,4.878228664398193
2763,0,5.313277244567871
2764,0,1.7049657106399536
2765,0,5.491381645202637
2766,0,2.5753448009490967
2767,0,4.35599422454834
2768,0,2.416498899459839
2769,0,3.2798941135406494
2770,0,3.61773681640625
2771,0,2.4893369674682617
2772,0,3.4854447841644287
2773,0,2.5351812839508057
2774,0,2.830744743347168
2775,0,4.424433708190918
2776,0,3.5073812007904053
2777,0,3.1771674156188965
2778,0,3.962017059326172
2779,0,4.722641468048096
2780,0,1.651123046875
2781,0,1.7879595756530762
2782,0,2.553645372390747
2783,0,1.7745476961135864
2784,0,2.6516034603118896
2785,0,3.4149606227874756
2786,0,2.38785982131958
2787,0,2.9707133769989014
2788,0,3.667203426361084
2789,0,4.00199031829834
2790,0,4.55193567276001
2791,0,3.6270322799682617
2792,0,2.646933078765869
2793,0,4.660408020019531
2794,0,2.671839714050293
2795,0,3.3482959270477295
2796,0,3.6157002449035645
2797,0,2.598559856414795
2798,0,3.5694034099578857
2799,0,2.7833948135375977
2800,0,3.234227418899536
2801,0,1.9376771450042725
2802,0,2.638202428817749
2803,0,4.5246357917785645
2804,0,3.185713052749634
2805,0,2.5700249671936035
2806,0,4.098872184753418
2807,0,3.9373831748962402
2808,0,2.3235063552856445
2809,0,2.6108744144439697
2810,0,3.0348432064056396
2811,0,5.02924919128418
2812,0,4.343271255493164
2813,0,2.3020079135894775
2814,0,4.176436424255371
2815,0,1.7647647857666016
2816,0,2.052694082260132
2817,0,2.0737056732177734
2818,0,3.3913776874542236
2819,0,2.6913201808929443
2820,0,2.575411081314087
2821,0,2.7098422050476074
2822,0,2.7261345386505127
2823,0,3.520047664642334
2824,0,3.5650274753570557
2825,0,3.56467866897583
2826,0,1.709489345550537
2827,0,3.7890546321868896
2828,0,2.6094701290130615
2829,0,5.054917335510254
2830,0,3.587249279022217
2831,0,2.6159985065460205
2832,0,3.3515803813934326
2833,0,3.2077717781066895
2834,0,2.2198452949523926
2835,0,3.540926933288574
2836,0,2.8434669971466064
2837,0,4.0497260093688965
2838,0,2.611968994140625
2839,0,3.244174003601074
2840,0,1.9617846012115479
2841,0,3.7398600578308105
2842,0,3.7184524536132812
2843,0,2.7487306594848633
2844,0,3.633641242980957
2845,0,2.316709041595459
2846,0,3.4735119342803955
2847,0,4.164109706878662
2848,0,2.9422638416290283
2849,0,2.1244397163391113
2850,0,5.6549177169799805
2851,0,2.3219780921936035
2852,0,2.281710386276245
2853,0,2.680290699005127
2854,0,2.809257745742798
2855,0,2.4155681133270264
2856,0,2.779954671859741
2857,0,3.215287208557129
2858,0,2.542961597442627
2859,0,3.5110340118408203
2860,0,1.894154667854309
2861,0,3.0729568004608154
2862,0,4.249537944793701
2863,0,2.235100507736206
2864,0,2.847114324569702
2865,0,3.210195302963257
2866,0,2.8279902935028076
2867,0,2.3276288509368896
2868,0,3.309967279434204
2869,0,1.9753623008728027
2870,0,2.6124699115753174
2871,0,2.9859023094177246
2872,0,1.8371890783309937
2873,0,3.1984493732452393
2874,0,3.929959774017334
2875,0,3.7653207778930664
2876,0,2.020857810974121
2877,0,1.8265478610992432
2878,0,2.8498997688293457
2879,0,1.728846549987793
2880,0,1.6628998517990112
2881,0,2.90044903755188
2882,0,2.311048746109009
2883,0,1.8379441499710083
2884,0,2.3649001121520996
2885,0,2.819277763366699
2886,0,2.5648674964904785
2887,0,2.9005985260009766
2888,0,4.463930130004883
2889,0,5.3445000648498535
2890,0,2.1008729934692383
2891,0,2.157905340194702
2892,0,4.104802131652832
2893,0,4.740235805511475
2894,0,2.365574359893799
2895,0,3.4242055416107178
2896,0,2.459030866622925
2897,0,3.778360366821289
2898,0,3.069650650024414
2899,0,3.4837589263916016
2900,0,3.290867805480957
2901,0,1.7960402965545654
2902,0,3.363029956817627
2903,0,3.849409341812134
2904,0,2.8716700077056885
2905,0,2.7756638526916504
2906,0,4.218655109405518
2907,0,4.398139953613281
2908,0,2.965770959854126
2909,0,1.8227152824401855
2910,0,4.275544166564941
2911,0,2.5194997787475586
2912,0,2.4093003273010254
2913,0,2.7615325450897217
2914,0,4.040156364440918
2915,0,3.0173842906951904
2916,0,3.7346112728118896
2917,0,4.262327194213867
2918,0,3.0628836154937744
2919,0,2.7986600399017334
2920,0,2.224055290222168
2921,0,2.0216548442840576
2922,0,2.2120370864868164
2923,0,3.1458938121795654
2924,0,4.1895856857299805
2925,0,2.511066198348999
2926,0,2.8984246253967285
2927,0,2.4263229370117188
2928,0,2.6057183742523193
2929,0,3.8815343379974365
2930,0,3.0577573776245117
2931,0,3.7912659645080566
2932,0,2.376755714416504
2933,0,4.7533183097839355
2934,0,1.5191810131072998
2935,0,2.7064707279205322
2936,0,4.443710803985596
2937,0,4.240776538848877
2938,0,3.7216641902923584
2939,0,2.3391318321228027
2940,0,2.438619375228882
2941,0,1.9743341207504272
2942,0,3.0378506183624268
2943,0,2.265223503112793
2944,0,3.069742202758789
2945,0,2.7853260040283203
2946,0,3.2417829036712646
2947,0,2.953911066055298
2948,0,4.068843364715576
2949,0,2.8942086696624756
2950,0,3.0631346702575684
2951,0,2.2773821353912354
2952,0,3.243081569671631
2953,0,1.5210669040679932
2954,0,2.642256021499634
2955,0,1.9170273542404175
2956,0,3.875514030456543
2957,0,3.652815818786621
2958,0,2.8689348697662354
2959,0,2.2404890060424805
2960,0,2.671269416809082
2961,0,2.5737557411193848
2962,0,2.9012362957000732
2963,0,1.9036381244659424
2964,0,4.031030654907227
2965,0,4.177802562713623
2966,0,3.29229998588562
2967,0,2.600553035736084
2968,0,1.7902002334594727
2969,0,2.347008228302002
2970,0,1.951783537864685
2971,0,2.784489631652832
2972,0,1.9594990015029907
2973,0,1.863199234008789
2974,0,3.3305118083953857
2975,0,3.7076194286346436
2976,0,3.2845873832702637
2977,0,3.2151451110839844
2978,0,2.508375406265259
2979,0,2.8409743309020996
2980,0,2.904329538345337
2981,0,4.809751987457275
2982,0,2.126760482788086
2983,0,3.3501811027526855
2984,0,2.3138508796691895
2985,0,3.4421520233154297
2986,0,1.9743914604187012
2987,0,3.8841097354888916
2988,0,4.015324115753174
2989,0,2.9900848865509033
2990,0,3.549382448196411
2991,0,4.435253143310547
2992,0,2.4082202911376953
2993,0,2.821338415145874
2994,0,3.700636386871338
2995,0,4.276036262512207
2996,0,4.6114654541015625
2997,0,3.2691256999969482
2998,0,3.691331624984741
2999,0,2.1568968296051025
3000,0,2.623347282409668
3001,0,2.4365174770355225
3002,0,3.0036678314208984
3003,0,2.9803483486175537
3004,0,2.6538939476013184
3005,0,3.79653263092041
3006,0,2.5151190757751465
3007,0,3.955437660217285
3008,0,2.688908576965332
3009,0,3.5476558208465576
3010,0,2.8922524452209473
3011,0,4.628477573394775
3012,0,2.908085346221924
3013,0,4.177217960357666
3014,0,3.8412413597106934
3015,0,2.898519515991211
3016,0,3.2729368209838867
3017,0,3.0864200592041016
3018,0,3.0844204425811768
3019,0,2.9220921993255615
3020,0,2.845729351043701
3021,0,2.846668243408203
3022,0,2.2946505546569824
3023,0,1.967680811882019
3024,0,4.677561283111572
3025,0,4.535799026489258
3026,0,1.354687213897705
3027,0,2.267306089401245
3028,0,2.862328052520752
3029,0,2.742453098297119
3030,0,3.1889870166778564
3031,0,2.1475632190704346
3032,0,2.698732852935791
3033,0,3.2007997035980225
3034,0,3.3385438919067383
3035,0,2.849170684814453
3036,0,2.951626777648926
3037,0,3.6387808322906494
3038,0,3.9950056076049805
3039,0,2.211585760116577
3040,0,2.5136613845825195
3041,0,4.902188777923584
3042,0,2.2072951793670654
3043,0,3.488915205001831
3044,0,3.026185989379883
3045,0,3.2528321743011475
3046,0,2.7075717449188232
3047,0,4.755018711090088
3048,0,2.452054738998413
3049,0,4.6202287673950195
3050,0,2.740013599395752
3051,0,3.527981996536255
3052,0,3.5288028717041016
3053,0,4.5102458000183105
3054,0,2.0499234199523926
3055,0,3.6970951557159424
3056,0,3.5479445457458496
3057,0,1.5916227102279663
3058,0,3.0287177562713623
3059,0,3.68306565284729
3060,0,2.378343105316162
3061,0,3.058858871459961
3062,0,2.7596373558044434
3063,0,1.9522104263305664
3064,0,5.07097864151001
3065,0,2.923353910446167
3066,0,2.2199318408966064
3067,0,4.252057075500488
3068,0,2.001568078994751
3069,0,2.88897705078125
3070,0,2.437410593032837
3071,0,1.7339069843292236
3072,0,3.9814646244049072
3073,0,3.503955602645874
3074,0,2.0251548290252686
3075,0,3.6291844844818115
3076,0,4.056847095489502
3077,0,5.196524143218994
3078,0,4.583885192871094
3079,0,1.822670817375183
3080,0,4.016612529754639
3081,0,2.5020954608917236
3082,0,2.3380208015441895
3083,0,4.3706254959106445
3084,0,3.8016629219055176
3085,0,2.7902867794036865
3086,0,3.848376512527466
3087,0,4.32686710357666
3088,0,1.8337209224700928
3089,0,4.4866042137146
3090,0,2.1929800510406494
3091,0,3.113095760345459
3092,0,3.7690563201904297
3093,0,2.757554292678833
3094,0,3.5223379135131836
3095,0,4.95792293548584
3096,0,3.6391892433166504
3097,0,4.118998050689697
3098,0,3.3876092433929443
3099,0,3.5229570865631104
3100,0,2.269101858139038
3101,0,3.062866687774658
3102,0,2.6585233211517334
3103,0,4.946965217590332
3104,0,3.5385560989379883
3105,0,3.5499720573425293
3106,0,5.229284286499023
3107,0,3.300053596496582
3108,0,4.4134979248046875
3109,0,2.8702337741851807
3110,0,2.3482978343963623
3111,0,3.126513719558716
3112,0,2.193905830383301
3113,0,2.8333075046539307
3114,0,3.1546120643615723
3115,0,3.128507137298584
3116,0,4.101456642150879
3117,0,3.238588571548462
3118,0,2.4261269569396973
3119,0,2.927304744720459
3120,0,2.780451774597168
3121,0,4.407044887542725
3122,0,2.1691339015960693
3123,0,4.172128200531006
3124,0,1.7374504804611206
3125,0,1.5902704000473022
3126,0,2.0355517864227295
3127,0,3.3245677947998047
3128,0,2.391810894012451
3129,0,3.1830458641052246
3130,0,1.9042327404022217
3131,0,2.5727014541625977
3132,0,2.6050188541412354
3133,0,3.8097221851348877
3134,0,2.690420150756836
3135,0,4.020776271820068
3136,0,1.54850435256958
3137,0,2.7053604125976562
3138,0,2.8730804920196533
3139,0,2.817507743835449
3140,0,3.0503690242767334
3141,0,2.5337352752685547
3142,0,2.3874428272247314
3143,0,3.3050537109375
3144,0,3.4004907608032227
3145,0,1.5708719491958618
3146,0,4.003286361694336
3147,0,4.5868048667907715
3148,0,3.100586414337158
3149,0,3.0997202396392822
3150,0,4.038597106933594
3151,0,3.5256879329681396
3152,0,2.7853753566741943
3153,0,2.7356925010681152
3154,0,3.3105270862579346
3155,0,2.3851516246795654
3156,0,3.2919411659240723
3157,0,2.435891628265381
3158,0,2.9498915672302246
3159,0,4.21183443069458
3160,0,3.997624397277832
3161,0,1.4096921682357788
3162,0,3.1062498092651367
3163,0,4.012073516845703
3164,0,2.545950174331665
3165,0,1.9861863851547241
3166,0,1.5739110708236694
3167,0,2.364567756652832
3168,0,2.7022182941436768
3169,0,2.222411870956421
3170,0,4.078656196594238
3171,0,1.6282655000686646
3172,0,3.762803792953491
3173,0,2.5540528297424316
3174,0,2.169010877609253
3175,0,1.73525869846344
3176,0,3.7604687213897705
3177,0,2.7627956867218018
3178,0,5.240901947021484
3179,0,4.180160999298096
3180,0,2.7624001502990723
3181,0,1.8971562385559082
3182,0,4.005257606506348
3183,0,4.514938831329346
3184,0,2.641906499862671
3185,0,3.9560158252716064
3186,0,2.496776580810547
3187,0,3.203961133956909
3188,0,1.6452196836471558
3189,0,4.059271335601807
3190,0,3.730799436569214
3191,0,3.078029155731201
3192,0,1.8866461515426636
3193,0,5.384129047393799
3194,0,5.016097068786621
3195,0,3.309997320175171
3196,0,4.166355133056641
3197,0,1.7317174673080444
3198,0,1.7314947843551636
3199,0,4.140239715576172
3200,0,3.9788410663604736
3201,0,4.146796703338623
3202,0,3.9011425971984863
3203,0,3.6052305698394775
3204,0,3.04203200340271
3205,0,3.8642220497131348
3206,0,2.6127562522888184
3207,0,3.649247407913208
3208,0,2.6834890842437744
3209,0,3.758249282836914
3210,0,5.015892505645752
3211,0,2.9213013648986816
3212,0,2.493330717086792
3213,0,2.357985019683838
3214,0,1.8032982349395752
3215,0,2.8506317138671875
3216,0,3.613896369934082
3217,0,4.568569183349609
3218,0,1.6323230266571045
3219,0,2.610015630722046
3220,0,4.64473295211792
3221,0,4.486459255218506
3222,0,2.4161694049835205
3223,0,4.466205596923828
3224,0,1.945465087890625
3225,0,5.943020343780518
3226,0,2.865762233734131
3227,0,3.045405387878418
3228,0,2.7362895011901855
3229,0,2.904772996902466
3230,0,3.363785743713379
3231,0,2.7889564037323
3232,0,1.2403501272201538
3233,0,3.245307207107544
3234,0,4.356978416442871
3235,0,2.9765610694885254
3236,0,2.9703423976898193
3237,0,2.1423354148864746
3238,0,3.702639579772949
3239,0,1.8219051361083984
3240,0,2.630481004714966
3241,0,2.1050894260406494
3242,0,2.5359690189361572
3243,0,3.1344306468963623
3244,0,3.6504507064819336
3245,0,4.3480658531188965
3246,0,2.367039203643799
3247,0,4.296535968780518
3248,0,3.1315810680389404
3249,0,3.824918746948242
3250,0,2.963151454925537
3251,0,4.725922584533691
3252,0,4.594510555267334
3253,0,1.5627720355987549
3254,0,3.2741801738739014
3255,0,3.6672275066375732
3256,0,4.815573692321777
3257,0,3.715862512588501
3258,0,1.7976787090301514
3259,0,2.4359779357910156
3260,0,4.259005546569824
3261,0,2.422131061553955
3262,0,2.6263716220855713
3263,0,2.7506368160247803
3264,0,2.7042315006256104
3265,0,2.5836915969848633
3266,0,2.2219624519348145
3267,0,3.1199615001678467
3268,0,4.418307304382324
3269,0,3.01076340675354
3270,0,4.372796058654785
3271,0,5.282756805419922
3272,0,1.7333046197891235
3273,0,2.565957546234131
3274,0,4.963968753814697
3275,0,2.7312233448028564
3276,0,1.9779943227767944
3277,0,3.8854315280914307
3278,0,4.159526824951172
3279,0,2.361111640930176
3280,0,2.844576358795166
3281,0,1.821510672569275
3282,0,2.995527505874634
3283,0,3.4962735176086426
3284,0,3.1368348598480225
3285,0,2.3107380867004395
3286,0,2.7777605056762695
3287,0,4.0257649421691895
3288,0,3.287444591522217
3289,0,2.2723746299743652
3290,0,3.3496530055999756
3291,0,4.021605968475342
3292,0,2.954681634902954
3293,0,3.5759592056274414
3294,0,2.87419056892395
3295,0,1.5600744485855103
3296,0,1.8291847705841064
3297,0,3.1517889499664307
3298,0,2.4892914295196533
3299,0,3.2673377990722656
3300,0,3.513357639312744
3301,0,2.7063019275665283
3302,0,1.5640698671340942
3303,0,2.361575126647949
3304,0,3.7418904304504395
3305,0,2.584700345993042
3306,0,2.7978293895721436
3307,0,2.9128715991973877
3308,0,2.9897382259368896
3309,0,2.832932472229004
3310,0,1.47161865234375
3311,0,1.9876012802124023
3312,0,1.8593716621398926
3313,0,3.8884663581848145
3314,0,2.995438575744629
3315,0,2.4876139163970947
3316,0,2.5782604217529297
3317,0,2.796976327896118
3318,0,2.7104644775390625
3319,0,2.989436626434326
3320,0,3.170210599899292
3321,0,3.175197124481201
3322,0,2.5338778495788574
3323,0,2.8108818531036377
3324,0,3.186720848083496
3325,0,3.186786651611328
3326,0,2.396825075149536
3327,0,3.5111472606658936
3328,0,2.9443323612213135
3329,0,1.6941773891448975
3330,0,2.0157506465911865
3331,0,1.8003110885620117
3332,0,3.061748504638672
3333,0,4.096651554107666
3334,0,1.7996515035629272
3335,0,2.939976215362549
3336,0,2.619872808456421
3337,0,3.1927778720855713
3338,0,2.793321132659912
3339,0,3.0328521728515625
3340,0,3.132382392883301
3341,0,3.1644277572631836
3342,0,3.649085760116577
3343,0,3.093419075012207
3344,0,2.9061121940612793
3345,0,2.911933422088623
3346,0,3.46374249458313
3347,0,3.0905981063842773
3348,0,2.9271841049194336
3349,0,2.6856253147125244
3350,0,3.627753973007202
3351,0,2.6689095497131348
3352,0,2.906270980834961
3353,0,1.5183196067810059
3354,0,2.743251323699951
3355,0,1.953486442565918
3356,0,1.7746001482009888
3357,0,2.8342807292938232
3358,0,2.777984857559204
3359,0,2.8626036643981934
3360,0,2.8107168674468994
3361,0,3.934414863586426
3362,0,3.9364938735961914
3363,0,1.8695204257965088
3364,0,2.158754348754883
3365,0,2.1245954036712646
3366,0,2.8647685050964355
3367,0,1.8699374198913574
3368,0,2.687411308288574
3369,0,2.871614694595337
3370,0,2.704634428024292
3371,0,3.0313947200775146
3372,0,2.7472057342529297
3373,0,2.117615222930908
3374,0,1.7384212017059326
3375,0,2.869719982147217
3376,0,2.9057157039642334
3377,0,2.875023126602173
3378,0,1.7704718112945557
3379,0,2.424401044845581
3380,0,2.446887493133545
3381,0,2.855703115463257
3382,0,2.863156318664551
3383,0,1.9036164283752441
3384,0,2.873830795288086
3385,0,2.9013168811798096
3386,0,2.876305103302002
3387,0,2.156245708465576
3388,0,3.0491104125976562
3389,0,2.442235231399536
3390,0,3.566206455230713
3391,0,2.434126138687134
3392,0,3.8423233032226562
3393,0,2.5899250507354736
3394,0,4.10189151763916
3395,0,4.109572887420654
3396,0,2.513059616088867
3397,0,2.515113353729248
3398,0,2.4413516521453857
3399,0,2.1529858112335205
3400,0,3.549121141433716
3401,0,3.3171133995056152
3402,0,3.251523733139038
3403,0,3.3192508220672607
3404,0,1.7513126134872437
3405,0,2.09576153755188
3406,0,1.776172161102295
3407,0,1.97026789188385
3408,0,3.2785191535949707
3409,0,2.513833999633789
3410,0,2.0070040225982666
3411,0,1.70320463180542
3412,0,2.7661173343658447
3413,0,3.2404489517211914
3414,0,2.137282133102417
3415,0,3.312222719192505
3416,0,3.3561975955963135
3417,0,4.1298675537109375
3418,0,2.573063373565674
3419,0,2.5804104804992676
3420,0,1.5054292678833008
3421,0,2.728060483932495
3422,0,3.2900846004486084
3423,0,2.510873317718506
3424,0,2.5696728229522705
3425,0,2.8024232387542725
3426,0,4.1296162605285645
3427,0,2.0066373348236084
3428,0,3.1742441654205322
3429,0,2.2031540870666504
3430,0,2.5827183723449707
3431,0,1.7933180332183838
3432,0,4.259275913238525
3433,0,3.4389748573303223
3434,0,3.7482070922851562
3435,0,3.726396322250366
3436,0,3.281306743621826
3437,0,3.848100423812866
3438,0,4.040122032165527
3439,0,1.5224820375442505
3440,0,4.089813232421875
3441,0,3.7327089309692383
3442,0,3.1588668823242188
3443,0,2.5062472820281982
3444,0,4.163176536560059
3445,0,2.839691638946533
3446,0,3.0663156509399414
3447,0,4.167079925537109
3448,0,2.8412342071533203
3449,0,3.4601221084594727
3450,0,3.087871789932251
3451,0,2.2762393951416016
3452,0,3.724067211151123
3453,0,2.5733861923217773
3454,0,2.73405385017395
3455,0,2.775139808654785
3456,0,2.839779853820801
3457,0,3.153134346008301
3458,0,3.0217642784118652
3459,0,4.0087571144104
3460,0,4.381308555603027
3461,0,2.2080209255218506
3462,0,2.1025869846343994
3463,0,1.8337979316711426
3464,0,2.582777738571167
3465,0,2.8801450729370117
3466,0,3.555407762527466
3467,0,1.7640440464019775
3468,0,1.721731185913086
3469,0,1.763656497001648
3470,0,4.413970947265625
3471,0,2.721280574798584
3472,0,2.949045419692993
3473,0,2.8461461067199707
3474,0,3.1386475563049316
3475,0,2.056084632873535
3476,0,3.527343511581421
3477,0,2.5367608070373535
3478,0,2.5653092861175537
3479,0,3.668152332305908
3480,0,3.005186080932617
3481,0,3.45114803314209
3482,0,2.654195785522461
3483,0,2.851259708404541
3484,0,1.519521951675415
3485,0,2.0192031860351562
3486,0,2.9859886169433594
3487,0,1.8481107950210571
3488,0,4.128145217895508
3489,0,3.637186288833618
3490,0,2.7776710987091064
3491,0,2.910163402557373
3492,0,4.170637607574463
3493,0,2.6178314685821533
3494,0,3.832798480987549
3495,0,4.048990249633789
3496,0,2.1947052478790283
3497,0,3.87972354888916
3498,0,2.4078407287597656
3499,0,3.162766695022583
3500,0,2.5606579780578613
3501,0,3.2475638389587402
3502,0,1.9492114782333374
3503,0,4.390035629272461
3504,0,2.7208313941955566
3505,0,2.6555416584014893
3506,0,3.389296770095825
3507,0,3.8358113765716553
3508,0,1.6534960269927979
3509,0,2.3135080337524414
3510,0,3.8993093967437744
3511,0,3.5138344764709473
3512,0,2.6981427669525146
3513,0,3.4817190170288086
3514,0,1.6061408519744873
3515,0,3.370363712310791
3516,0,2.154554605484009
3517,0,3.2400755882263184
3518,0,3.5466628074645996
3519,0,3.20207142829895
3520,0,3.1873202323913574
3521,0,2.979611873626709
3522,0,1.6664363145828247
3523,0,1.8862885236740112
3524,0,2.1704375743865967
3525,0,2.018798828125
3526,0,3.2729225158691406
3527,0,1.8682754039764404
3528,0,2.8872220516204834
3529,0,2.6081185340881348
3530,0,1.8253505229949951
3531,0,2.8660120964050293
3532,0,2.985279083251953
3533,0,3.4382431507110596
3534,0,2.573604106903076
3535,0,1.5109556913375854
3536,0,2.7132656574249268
3537,0,2.5873379707336426
3538,0,2.7288482189178467
3539,0,3.6377315521240234
3540,0,3.072214126586914
3541,0,4.176144123077393
3542,0,2.8247323036193848
3543,0,2.697329044342041
3544,0,1.7561603784561157
3545,0,3.6650357246398926
3546,0,3.551711082458496
3547,0,3.2307305335998535
3548,0,2.2898452281951904
3549,0,3.4669041633605957
3550,0,1.8330309391021729
3551,0,3.258420944213867
3552,0,2.5746254920959473
3553,0,2.628298759460449
3554,0,1.965238094329834
3555,0,1.7512304782867432
3556,0,3.237189531326294
3557,0,2.684873580932617
3558,0,2.7752151489257812
3559,0,2.906461715698242
3560,0,2.4899446964263916
3561,0,2.6628310680389404
3562,0,3.3538105487823486
3563,0,2.221090793609619
3564,0,2.7778332233428955
3565,0,2.147648334503174
3566,0,2.025231122970581
3567,0,2.7707550525665283
3568,0,2.5256032943725586
3569,0,2.9161176681518555
3570,0,2.571321964263916
3571,0,3.3788247108459473
3572,0,3.067282199859619
3573,0,2.3884902000427246
3574,0,3.883173942565918
3575,0,2.821873426437378
3576,0,2.816399335861206
3577,0,1.6998893022537231
3578,0,3.14404296875
3579,0,3.2443768978118896
3580,0,3.2923412322998047
3581,0,1.6077828407287598
3582,0,2.7182435989379883
3583,0,3.606351375579834
3584,0,2.2181196212768555
3585,0,2.6852972507476807
3586,0,3.713498592376709
3587,0,2.3974390029907227
3588,0,2.511692523956299
3589,0,4.261024475097656
3590,0,3.995983600616455
3591,0,2.524563789367676
3592,0,2.575080633163452
3593,0,1.4552801847457886
3594,0,2.5860443115234375
3595,0,2.857344388961792
3596,0,3.6193413734436035
3597,0,3.2586405277252197
3598,0,3.208627939224243
3599,0,4.423512935638428
3600,0,2.3640973567962646
3601,0,3.3479034900665283
3602,0,2.282414436340332
3603,0,3.7325849533081055
3604,0,1.921729326248169
3605,0,2.8563146591186523
3606,0,2.2699413299560547
3607,0,4.002959251403809
3608,0,2.8085482120513916
3609,0,2.911527156829834
3610,0,1.5511784553527832
3611,0,2.830937623977661
3612,0,3.3779375553131104
3613,0,2.6916048526763916
3614,0,3.4242210388183594
3615,0,2.925811529159546
3616,0,2.6353442668914795
3617,0,1.937694787979126
3618,0,3.0536985397338867
3619,0,3.6901140213012695
3620,0,2.2973456382751465
3621,0,2.206650733947754
3622,0,2.655721664428711
3623,0,2.749584436416626
3624,0,1.8398417234420776
3625,0,2.8537204265594482
3626,0,3.4812710285186768
3627,0,3.308263063430786
3628,0,2.139021158218384
3629,0,2.4747204780578613
3630,0,2.1560747623443604
3631,0,2.0983834266662598
3632,0,2.9557197093963623
3633,0,3.536203384399414
3634,0,3.2015092372894287
3635,0,2.6253466606140137
3636,0,2.0747032165527344
3637,0,3.669741630554199
3638,0,3.552128314971924
3639,0,2.899463653564453
3640,0,2.4890196323394775
3641,0,2.340073347091675
3642,0,4.0798234939575195
3643,0,3.3823044300079346
3644,0,2.4080095291137695
3645,0,3.132028579711914
3646,0,3.2421441078186035
3647,0,2.607991933822632
3648,0,2.534982204437256
3649,0,2.884406566619873
3650,0,3.891444206237793
3651,0,2.039844512939453
3652,0,3.0774035453796387
3653,0,2.409067153930664
3654,0,4.086495399475098
3655,0,3.1235036849975586
3656,0,1.193676233291626
3657,0,2.8903098106384277
3658,0,2.258239507675171
3659,0,2.6374404430389404
3660,0,2.7535548210144043
3661,0,3.124786615371704
3662,0,3.615723133087158
3663,0,2.609344005584717
3664,0,4.003352642059326
3665,0,2.701133966445923
3666,0,3.2038540840148926
3667,0,2.9847652912139893
3668,0,3.0903432369232178
3669,0,3.3631229400634766
3670,0,2.5116703510284424
3671,0,2.3158624172210693
3672,0,4.512660503387451
3673,0,2.3527958393096924
3674,0,2.4079320430755615
3675,0,2.3160505294799805
3676,0,2.3887126445770264
3677,0,2.2530524730682373
3678,0,2.3478667736053467
3679,0,1.9830483198165894
3680,0,3.961972713470459
3681,0,2.8526790142059326
3682,0,2.0226991176605225
3683,0,2.7681972980499268
3684,0,2.589308738708496
3685,0,3.0346837043762207
3686,0,2.775873899459839
3687,0,3.769667387008667
3688,0,2.4889204502105713
3689,0,1.6785773038864136
3690,0,2.7340006828308105
3691,0,1.9808483123779297
3692,0,3.067594051361084
3693,0,2.347902536392212
3694,0,3.7093348503112793
3695,0,2.2654848098754883
3696,0,3.148547410964966
3697,0,3.6713950634002686
3698,0,2.821385383605957
3699,0,3.5787596702575684
3700,0,2.5709967613220215
3701,0,2.3755202293395996
3702,0,3.340825080871582
3703,0,2.1297411918640137
3704,0,2.624152183532715
3705,0,3.0488364696502686
3706,0,3.2715535163879395
3707,0,2.071503162384033
3708,0,2.5680150985717773
3709,0,2.4552953243255615
3710,0,2.4176411628723145
3711,0,2.534623384475708
3712,0,2.1709368228912354
3713,0,3.5789384841918945
3714,0,2.2814459800720215
3715,0,1.6656066179275513
3716,0,2.337207078933716
3717,0,2.7954230308532715
3718,0,3.5177018642425537
3719,0,3.0246689319610596
3720,0,2.7844059467315674
3721,0,3.0659713745117188
3722,0,2.838196277618408
3723,0,2.6538076400756836
3724,0,1.3609943389892578
3725,0,3.1103692054748535
3726,0,3.0682713985443115
3727,0,2.279181718826294
3728,0,3.4235658645629883
3729,0,3.742448568344116
3730,0,2.6918070316314697
3731,0,2.427736759185791
3732,0,2.635296106338501
3733,0,2.4122445583343506
3734,0,3.378612995147705
3735,0,3.492870807647705
3736,0,3.7786922454833984
3737,0,4.503608703613281
3738,0,3.4203338623046875
3739,0,2.819153070449829
3740,0,1.1809771060943604
3741,0,3.8428492546081543
3742,0,1.4692353010177612
3743,0,2.0766279697418213
3744,0,2.05285906791687
3745,0,1.873612642288208
3746,0,2.616354465484619
3747,0,2.16656756401062
3748,0,3.239224433898926
3749,0,2.1585168838500977
3750,0,2.707425594329834
3751,0,3.398975372314453
3752,0,2.8776724338531494
3753,0,3.390995502471924
3754,0,2.238544225692749
3755,0,4.319667339324951
3756,0,2.2222654819488525
3757,0,4.133291244506836
3758,0,2.8781774044036865
3759,0,2.107720375061035
3760,0,2.448460102081299
3761,0,2.6801958084106445
3762,0,3.9116837978363037
3763,0,2.9280648231506348
3764,0,2.8833911418914795
3765,0,3.3669474124908447
3766,0,2.870542049407959
3767,0,3.555485963821411
3768,0,2.7606568336486816
3769,0,2.993861675262451
3770,0,2.9298696517944336
3771,0,3.3084092140197754
3772,0,2.507857084274292
3773,0,1.8600332736968994
3774,0,2.2937374114990234
3775,0,2.8670005798339844
3776,0,3.303786277770996
3777,0,2.5116896629333496
3778,0,3.470151901245117
3779,0,4.008622169494629
3780,0,3.460538864135742
3781,0,3.3032288551330566
3782,0,2.786332130432129
3783,0,2.7831759452819824
3784,0,5.014021873474121
3785,0,3.1959121227264404
3786,0,3.1082136631011963
3787,0,3.836892604827881
3788,0,2.2558562755584717
3789,0,2.399034261703491
3790,0,2.984039306640625
3791,0,2.3808836936950684
3792,0,3.8893821239471436
3793,0,2.9267895221710205
3794,0,1.8926922082901
3795,0,1.849922776222229
3796,0,2.531761884689331
3797,0,2.4548091888427734
3798,0,4.501987934112549
3799,0,3.546797275543213
3800,0,2.6184890270233154
3801,0,1.7015998363494873
3802,0,1.8018771409988403
3803,0,3.6625776290893555
3804,0,2.6120128631591797
3805,0,2.5156259536743164
3806,0,4.0358805656433105
3807,0,1.6222712993621826
3808,0,3.802267074584961
3809,0,3.5576703548431396
3810,0,3.3119394779205322
3811,0,3.7504642009735107
3812,0,3.1703262329101562
3813,0,4.358712673187256
3814,0,2.674567222595215
3815,0,3.5981264114379883
3816,0,3.240654230117798
3817,0,3.7293219566345215
3818,0,3.302074909210205
3819,0,2.1475813388824463
3820,0,1.9426990747451782
3821,0,2.4484288692474365
3822,0,3.550776958465576
3823,0,3.867011308670044
3824,0,2.713156223297119
3825,0,2.1691348552703857
3826,0,2.8761019706726074
3827,0,3.875605583190918
3828,0,2.9107489585876465
3829,0,2.7658069133758545
3830,0,3.722090244293213
3831,0,4.270549774169922
3832,0,3.462109088897705
3833,0,3.3451218605041504
3834,0,2.6390247344970703
3835,0,3.1324517726898193
3836,0,2.2380878925323486
3837,0,3.356442451477051
3838,0,1.9641797542572021
3839,0,3.3440160751342773
3840,0,2.6124625205993652
3841,0,3.4516043663024902
3842,0,2.761118173599243
3843,0,2.791412830352783
3844,0,2.788586378097534
3845,0,2.783850908279419
3846,0,4.608168601989746
3847,0,3.269958019256592
3848,0,4.61567497253418
3849,0,4.71816873550415
3850,0,2.4528751373291016
3851,0,4.607588768005371
3852,0,3.0067126750946045
3853,0,2.4494476318359375
3854,0,4.758055686950684
3855,0,2.1399433612823486
3856,0,3.004746198654175
3857,0,2.438164710998535
3858,0,2.1446120738983154
3859,0,3.27101731300354
3860,0,2.1391866207122803
3861,0,3.912806987762451
3862,0,3.0088863372802734
3863,0,4.764625072479248
3864,0,2.635951042175293
3865,0,3.939138650894165
3866,0,2.6949477195739746
3867,0,3.0676913261413574
3868,0,2.7857604026794434
3869,0,2.5199506282806396
3870,0,2.4222636222839355
3871,0,2.86301589012146
3872,0,2.810734748840332
3873,0,1.5104758739471436
3874,0,3.726757287979126
3875,0,3.5800280570983887
3876,0,2.4987215995788574
3877,0,3.0978448390960693
3878,0,2.197664260864258
3879,0,2.020552396774292
3880,0,2.79469633102417
3881,0,2.3562417030334473
3882,0,3.672089099884033
3883,0,3.195619583129883
3884,0,3.1509342193603516
3885,0,3.305497169494629
3886,0,2.423427104949951
3887,0,2.4491612911224365
3888,0,2.97322678565979
3889,0,3.952132225036621
3890,0,2.664360284805298
3891,0,3.000648260116577
3892,0,2.9835214614868164
3893,0,3.869534730911255
3894,0,4.603797912597656
3895,0,3.316286087036133
3896,0,3.1153452396392822
3897,0,2.837313175201416
3898,0,2.2449803352355957
3899,0,3.5076961517333984
3900,0,2.1525540351867676
3901,0,2.810276746749878
3902,0,3.723672866821289
3903,0,2.029017686843872
3904,0,2.769843339920044
3905,0,3.7381739616394043
3906,0,3.135404348373413
3907,0,1.9689210653305054
3908,0,3.2595534324645996
3909,0,3.22043514251709
3910,0,3.327256679534912
3911,0,3.03584885597229
3912,0,4.438294410705566
3913,0,5.100083351135254
3914,0,6.266315937042236
3915,0,2.604771614074707
3916,0,2.4667303562164307
3917,0,3.7418079376220703
3918,0,3.3487050533294678
3919,0,2.6756129264831543
3920,0,2.0324110984802246
3921,0,3.3471860885620117
3922,0,3.8278040885925293
3923,0,3.617893934249878
3924,0,4.361763000488281
3925,0,4.253378868103027
3926,0,1.5568323135375977
3927,0,1.557032823562622
3928,0,2.069035053253174
3929,0,2.19211745262146
3930,0,3.4569296836853027
3931,0,2.3071460723876953
3932,0,3.6592278480529785
3933,0,3.4617738723754883
3934,2,0.20391495525836945
3935,0,4.400959014892578
3936,0,3.8153553009033203
3937,0,3.6780073642730713
3938,0,1.9237358570098877
3939,0,2.3217532634735107
3940,0,3.3448503017425537
3941,0,3.174309015274048
3942,0,1.728663682937622
3943,0,2.9631402492523193
3944,0,5.061448097229004
3945,0,2.9086241722106934
3946,0,3.3907387256622314
3947,0,2.995225191116333
3948,0,3.801647186279297
3949,0,2.692216396331787
3950,0,3.021556854248047
3951,0,3.175293445587158
3952,0,5.511022090911865
3953,0,2.222285509109497
3954,0,3.8977532386779785
3955,0,2.6226885318756104
3956,0,3.044487476348877
3957,0,3.982180118560791
3958,0,2.441422939300537
3959,0,4.714653491973877
3960,0,4.379374980926514
3961,0,3.40071177482605
3962,0,3.6298303604125977
3963,0,3.1530022621154785
3964,0,2.1188547611236572
3965,0,2.7737600803375244
3966,0,3.668142318725586
3967,0,3.98673939704895
3968,0,4.308827877044678
3969,0,3.8225913047790527
3970,0,2.508471965789795
3971,0,4.812424659729004
3972,0,2.7382311820983887
3973,0,3.663280487060547
3974,0,3.5983850955963135
3975,0,2.327462911605835
3976,0,3.3731818199157715
3977,0,2.84145188331604
3978,0,3.704206943511963
3979,0,3.3355212211608887
3980,0,2.437965154647827
3981,0,3.2919118404388428
3982,0,2.722480058670044
3983,0,4.058980464935303
3984,0,1.9969090223312378
3985,0,2.5170247554779053
3986,0,1.8512353897094727
3987,0,3.048055648803711
3988,0,2.8905882835388184
3989,0,2.6947221755981445
3990,0,1.9401835203170776
3991,0,2.1740851402282715
3992,0,4.6403489112854
3993,0,3.138709545135498
3994,0,4.042567253112793
3995,0,3.1085643768310547
3996,0,2.7119851112365723
3997,0,2.4930498600006104
3998,0,1.1811587810516357
3999,0,5.401280879974365
4000,0,4.389145374298096
4001,0,5.348512649536133
4002,0,6.7994489669799805
4003,0,3.957003355026245
4004,0,4.812988758087158
4005,0,3.9281678199768066
4006,0,2.7820613384246826
4007,0,4.902375221252441
4008,0,3.8959579467773438
4009,0,4.476881504058838
4010,0,4.071814060211182
4011,0,3.01166033744812
4012,0,5.768006324768066
4013,0,2.4520552158355713
4014,0,2.971426248550415
4015,0,3.856747627258301
4016,0,3.727984666824341
4017,0,3.618885040283203
4018,0,3.0595619678497314
4019,0,4.240596294403076
4020,0,3.242379665374756
4021,0,3.8857808113098145
4022,0,3.435476303100586
4023,0,2.7044408321380615
4024,0,3.0675668716430664
4025,0,3.61991024017334
4026,0,3.3455560207366943
4027,0,2.673654079437256
4028,0,2.6406166553497314
4029,0,2.9668421745300293
4030,0,5.237942218780518
4031,0,2.8955864906311035
4032,0,2.433225631713867
4033,0,2.933579683303833
4034,0,2.8864240646362305
4035,0,3.1906816959381104
4036,0,2.728478193283081
4037,0,2.920513391494751
4038,0,2.695114850997925
4039,0,1.6449666023254395
4040,0,2.200312376022339
4041,0,3.5282580852508545
4042,0,3.5000362396240234
4043,0,4.530750274658203
4044,0,2.6699130535125732
4045,0,4.165565490722656
4046,0,4.608048915863037
4047,0,4.430057048797607
4048,0,2.603372573852539
4049,0,3.6755406856536865
4050,0,1.9175076484680176
4051,0,4.0229902267456055
4052,0,3.858285903930664
4053,0,5.266745567321777
4054,0,2.172456741333008
4055,0,4.426187515258789
4056,0,4.069393634796143
4057,0,2.712536334991455
4058,0,2.3639965057373047
4059,0,5.3114213943481445
4060,0,3.4577887058258057
4061,0,3.6512997150421143
4062,0,4.026642322540283
4063,0,3.5917627811431885
4064,0,3.592545509338379
4065,0,1.9805668592453003
4066,0,2.3440208435058594
4067,0,2.5373494625091553
4068,0,2.3437204360961914
4069,0,1.2623798847198486
4070,0,3.3071088790893555
4071,0,3.883920907974243
4072,0,1.9573979377746582
4073,0,2.5561013221740723
4074,0,3.9674460887908936
4075,0,3.964904546737671
4076,0,2.9079787731170654
4077,0,2.469707489013672
4078,0,2.0815646648406982
4079,0,3.073777437210083
4080,0,2.4060635566711426
4081,0,3.599611759185791
4082,0,3.02510666847229
4083,0,1.5175962448120117
4084,0,2.2602906227111816
4085,0,2.2612154483795166
4086,0,2.556199550628662
4087,0,3.1998019218444824
4088,0,2.7270736694335938
4089,0,2.8758935928344727
4090,0,2.8201751708984375
4091,0,2.8166308403015137
4092,0,2.1385531425476074
4093,0,3.6356911659240723
4094,0,4.209388732910156
4095,0,3.364389181137085
4096,0,1.3449318408966064
4097,0,3.0593276023864746
4098,0,2.724278211593628
4099,0,3.3613762855529785
4100,0,3.096177339553833
4101,0,3.2474029064178467
4102,0,3.538583993911743
4103,0,3.3639163970947266
4104,0,2.9176855087280273
4105,0,1.4857563972473145
4106,0,2.4627363681793213
4107,0,2.45515513420105
4108,0,2.6488280296325684
4109,0,2.5832972526550293
4110,0,3.1266510486602783
4111,0,2.4243698120117188
4112,0,3.2987728118896484
4113,0,2.340219497680664
4114,0,2.339071750640869
4115,0,2.0673115253448486
4116,0,1.7416105270385742
4117,0,1.9125370979309082
4118,0,1.743241786956787
4119,0,2.7843854427337646
4120,0,2.5364978313446045
4121,0,2.982874870300293
4122,0,2.1311354637145996
4123,0,2.6617519855499268
4124,0,3.096281051635742
4125,0,3.194185495376587
4126,0,2.3399219512939453
4127,0,2.333256721496582
4128,0,2.314384937286377
4129,0,4.2382941246032715
4130,0,4.122720718383789
4131,0,4.216519832611084
4132,0,2.033021926879883
4133,0,4.19025993347168
4134,0,4.244142532348633
4135,0,1.6816701889038086
4136,0,2.2114813327789307
4137,0,1.8259613513946533
4138,0,1.6763806343078613
4139,0,2.5147154331207275
4140,0,2.9204370975494385
4141,0,4.173496723175049
4142,0,1.9208221435546875
4143,0,1.377716302871704
4144,0,3.1189115047454834
4145,0,2.0115277767181396
4146,0,2.036681652069092
4147,0,3.2950937747955322
4148,0,3.0238282680511475
4149,0,3.2974815368652344
4150,0,1.921771764755249
4151,0,3.11796236038208
4152,0,1.9103585481643677
4153,0,4.210024833679199
4154,0,2.4821553230285645
4155,0,1.6943778991699219
4156,0,2.1234512329101562
4157,0,2.6285946369171143
4158,0,2.9590141773223877
4159,0,2.6745636463165283
4160,0,1.2287780046463013
4161,0,3.975980281829834
4162,0,4.102883338928223
4163,0,1.7290809154510498
4164,0,4.0803446769714355
4165,0,3.131809711456299
4166,0,1.7447705268859863
4167,0,3.6575710773468018
4168,0,3.7804510593414307
4169,0,3.0396971702575684
4170,0,3.8150386810302734
4171,0,2.727102518081665
4172,0,3.863144636154175
4173,0,3.1563405990600586
4174,0,3.361211061477661
4175,0,1.375141978263855
4176,0,3.4996747970581055
4177,0,3.8024485111236572
4178,0,2.2638750076293945
4179,0,3.532170295715332
4180,0,5.499327182769775
4181,0,3.6342761516571045
4182,0,2.6106841564178467
4183,0,3.128290891647339
4184,0,3.053112506866455
4185,0,2.2643625736236572
4186,0,2.236750841140747
4187,0,2.764674663543701
4188,0,1.237717866897583
4189,0,1.8618190288543701
4190,0,2.829639196395874
4191,0,3.2910099029541016
4192,0,3.2091293334960938
4193,0,2.908297538757324
4194,0,3.339811086654663
4195,0,3.108057975769043
4196,0,1.9326481819152832
4197,0,2.0308845043182373
4198,0,3.5166335105895996
4199,0,1.982993245124817
4200,0,2.9454128742218018
4201,0,2.7798523902893066
4202,0,2.779698610305786
4203,0,3.9832818508148193
4204,0,3.6610379219055176
4205,0,1.9260928630828857
4206,0,3.209568977355957
4207,0,4.389387130737305
4208,0,3.4060540199279785
4209,0,2.606778383255005
4210,0,2.311047315597534
4211,0,2.021514892578125
4212,0,3.4050450325012207
4213,0,3.306243419647217
4214,0,2.693679094314575
4215,0,1.9821124076843262
4216,0,1.9719892740249634
4217,0,3.4961659908294678
4218,0,2.437410593032837
4219,0,2.709425449371338
4220,0,2.6967196464538574
4221,0,3.3408117294311523
4222,0,3.2525815963745117
4223,0,5.155388832092285
4224,0,4.0500712394714355
4225,0,2.587355136871338
4226,0,0.9581363201141357
4227,0,5.231951713562012
4228,0,4.7081732749938965
4229,0,2.1703102588653564
4230,0,2.289794683456421
4231,0,2.3548083305358887
4232,0,2.9156851768493652
4233,0,1.6919522285461426
4234,0,2.606468439102173
4235,0,2.6340291500091553
4236,0,4.431306838989258
4237,0,4.655785083770752
4238,0,3.067241668701172
4239,0,2.6094114780426025
4240,0,3.3243956565856934
4241,0,1.957119107246399
4242,0,4.302151203155518
4243,0,1.8685535192489624
4244,0,5.198938369750977
4245,0,2.472100019454956
4246,0,3.0379676818847656
4247,0,2.441006898880005
4248,0,3.636807918548584
4249,0,3.536856174468994
4250,0,4.017756462097168
4251,0,3.556896924972534
4252,0,3.9015157222747803
4253,0,3.565161943435669
4254,0,3.2275683879852295
4255,0,3.8066792488098145
4256,0,4.293567180633545
4257,0,3.313465118408203
4258,0,3.470194101333618
4259,0,3.3611502647399902
4260,0,2.528798818588257
4261,0,2.3305633068084717
4262,0,3.5734167098999023
4263,0,2.8165531158447266
4264,0,3.908632755279541
4265,0,3.185305118560791
4266,0,3.9385929107666016
4267,0,2.946553945541382
4268,0,1.8930500745773315
4269,0,2.653123378753662
4270,0,2.5524489879608154
4271,0,3.5368423461914062
4272,0,1.643330454826355
4273,0,1.3377125263214111
4274,0,1.924973964691162
4275,0,2.195979356765747
4276,0,3.7994253635406494
4277,0,3.239093780517578
4278,0,1.9301419258117676
4279,0,2.9446213245391846
4280,0,4.442414283752441
4281,0,3.7528305053710938
4282,0,3.4649460315704346
4283,0,2.768033981323242
4284,0,1.9797691106796265
4285,0,4.23814058303833
4286,0,3.829237461090088
4287,0,2.1492903232574463
4288,0,3.1255974769592285
4289,0,2.6829607486724854
4290,0,1.987391471862793
4291,0,3.486147403717041
4292,0,2.5144574642181396
4293,0,4.358457565307617
4294,0,3.4649319648742676
4295,0,2.729433059692383
4296,0,2.9033658504486084
4297,0,3.540738582611084
4298,0,4.045117378234863
4299,0,4.098773956298828
4300,0,3.4481871128082275
4301,0,2.642824172973633
4302,0,2.8339591026306152
4303,0,4.529247283935547
4304,0,2.3415887355804443
4305,0,3.675696611404419
4306,0,2.360685348510742
4307,0,3.9632930755615234
4308,0,2.183598279953003
4309,0,2.7710211277008057
4310,0,2.3495798110961914
4311,0,4.107548236846924
4312,0,1.7937169075012207
4313,0,3.8321774005889893
4314,0,2.629478693008423
4315,0,2.377547264099121
4316,0,3.0426530838012695
4317,0,3.2688393592834473
4318,0,3.3008553981781006
4319,0,3.427034854888916
4320,0,3.1080222129821777
4321,0,3.062103271484375
4322,0,3.506023406982422
4323,0,3.5459320545196533
4324,0,2.9600610733032227
4325,0,2.8400018215179443
4326,0,3.483635425567627
4327,0,1.6391453742980957
4328,0,2.840975761413574
4329,0,1.6102714538574219
4330,0,2.783303737640381
4331,0,2.78048038482666
4332,0,3.7352662086486816
4333,0,2.1451923847198486
4334,0,2.6588926315307617
4335,0,2.1256659030914307
4336,0,1.5831074714660645
4337,0,4.743518829345703
4338,0,4.466893196105957
4339,0,2.530855178833008
4340,0,1.9288864135742188
4341,0,3.4104151725769043
4342,0,3.3248133659362793
4343,0,3.645811080932617
4344,0,3.5515098571777344
4345,0,4.103594779968262
4346,0,2.3189802169799805
4347,0,3.0084288120269775
4348,0,1.6810685396194458
4349,0,2.4203546047210693
4350,0,4.281683921813965
4351,0,3.668914794921875
4352,0,2.0227324962615967
4353,0,3.032737970352173
4354,0,4.379876136779785
4355,0,3.360438108444214
4356,0,2.2581636905670166
4357,0,2.4336116313934326
4358,0,2.7867021560668945
4359,0,3.006131887435913
4360,0,2.452652931213379
4361,0,2.5131895542144775
4362,0,3.267293691635132
4363,0,2.9752960205078125
4364,0,1.801108956336975
4365,0,3.9782707691192627
4366,0,2.4306480884552
4367,0,4.338650703430176
4368,0,2.2974770069122314
4369,0,3.7470715045928955
4370,0,2.0347487926483154
4371,0,2.1952898502349854
4372,0,2.1945648193359375
4373,0,3.0970346927642822
4374,0,1.5193994045257568
4375,0,3.7364342212677
4376,0,2.6933369636535645
4377,0,3.4595303535461426
4378,0,1.7481287717819214
4379,0,3.734452724456787
4380,0,3.7498674392700195
4381,0,3.4444003105163574
4382,0,2.7406864166259766
4383,0,3.496504068374634
4384,0,1.5767556428909302
4385,0,3.709169626235962
4386,0,2.5110127925872803
4387,0,2.7820069789886475
4388,0,3.0758368968963623
4389,0,2.629373550415039
4390,0,2.2997212409973145
4391,0,2.6986801624298096
4392,0,2.2133185863494873
4393,0,3.2018816471099854
4394,0,3.9975807666778564
4395,0,2.444575309753418
4396,0,2.2529077529907227
4397,0,1.151109218597412
4398,0,2.605496883392334
4399,0,2.8047263622283936
4400,0,3.497734785079956
4401,0,3.3319432735443115
4402,0,2.6961889266967773
4403,0,2.7734313011169434
4404,0,3.246739149093628
4405,0,2.1043598651885986
4406,0,2.623401165008545
4407,0,2.158442258834839
4408,0,2.5021634101867676
4409,0,3.8868894577026367
4410,0,3.0155961513519287
4411,0,2.7367260456085205
4412,0,2.936227798461914
4413,0,2.1281323432922363
4414,0,2.8442599773406982
4415,0,2.337928056716919
4416,0,3.411113739013672
4417,0,3.931983709335327
4418,0,3.298855781555176
4419,0,3.7093794345855713
4420,0,1.6573115587234497
4421,0,1.9687516689300537
4422,0,2.4575252532958984
4423,0,2.407853603363037
4424,0,3.403207302093506
4425,0,2.7296457290649414
4426,0,2.1174845695495605
4427,0,1.2761476039886475
4428,0,2.2192940711975098
4429,0,3.8531651496887207
4430,0,2.769343614578247
4431,0,3.7387988567352295
4432,0,2.407989263534546
4433,0,1.957162857055664
4434,0,3.4022488594055176
4435,0,3.473292589187622
4436,0,3.589458465576172
4437,0,3.3120734691619873
4438,0,2.649996519088745
4439,0,3.555018424987793
4440,0,2.4541053771972656
4441,0,3.9050238132476807
4442,0,1.90537691116333
4443,0,1.8869733810424805
4444,0,2.901315450668335
4445,0,3.2807085514068604
4446,0,3.796386241912842
4447,0,3.9205374717712402
4448,0,3.451507568359375
4449,0,1.9686458110809326
4450,0,3.0281176567077637
4451,0,2.965398073196411
4452,0,3.187830924987793
4453,0,3.3873636722564697
4454,0,3.030426025390625
4455,0,5.546338081359863
4456,0,1.9648258686065674
4457,0,2.4554076194763184
4458,0,3.008469581604004
4459,0,3.0318186283111572
4460,0,1.7167956829071045
4461,0,2.5968120098114014
4462,0,3.975834608078003
4463,0,3.103268623352051
4464,0,2.6546125411987305
4465,0,3.5884811878204346
4466,0,2.5579328536987305
4467,0,2.2718935012817383
4468,0,2.340104103088379
4469,0,3.4698691368103027
4470,0,3.115370512008667
4471,0,3.2527573108673096
4472,0,3.300090789794922
4473,0,3.506736993789673
4474,0,3.253458023071289
4475,0,5.220037460327148
4476,0,3.253640651702881
4477,0,4.08236837387085
4478,0,4.079914569854736
4479,0,2.015772819519043
4480,0,2.5460634231567383
4481,0,3.1057486534118652
4482,0,2.60140323638916
4483,0,2.9392786026000977
4484,0,3.152905225753784
4485,0,3.8469061851501465
4486,0,3.0854623317718506
4487,0,3.433682680130005
4488,0,3.5062074661254883
4489,0,1.7811591625213623
4490,0,3.0288026332855225
4491,0,3.3290648460388184
4492,0,3.1070406436920166
4493,0,3.1086575984954834
4494,0,2.763395309448242
4495,0,3.478295087814331
4496,0,3.375229597091675
4497,0,3.4893815517425537
4498,0,2.2412257194519043
4499,0,1.8238149881362915
4500,0,2.5437355041503906
4501,0,4.232392311096191
4502,0,2.179094076156616
4503,0,1.6806399822235107
4504,0,2.8920738697052
4505,0,3.3835391998291016
4506,0,2.8671388626098633
4507,0,2.5929436683654785
4508,0,2.5687143802642822
4509,0,2.1588430404663086
4510,0,3.0259549617767334
4511,0,1.9226912260055542
4512,0,2.589810609817505
4513,0,2.781261444091797
4514,0,1.7213852405548096
4515,0,2.5287437438964844
4516,0,2.5816590785980225
4517,0,2.367431163787842
4518,0,3.2559244632720947
4519,0,2.9882469177246094
4520,0,3.538114547729492
4521,0,4.098406791687012
4522,0,2.9560706615448
4523,0,2.020526647567749
4524,0,4.014458656311035
4525,0,2.673994302749634
4526,0,3.1603641510009766
4527,0,3.030688524246216
4528,0,2.1004743576049805
4529,0,1.6934460401535034
4530,0,3.0935347080230713
4531,0,3.049400568008423
4532,0,2.558600425720215
4533,0,2.0133683681488037
4534,0,2.396038055419922
4535,0,2.7922608852386475
4536,0,2.9508299827575684
4537,0,3.292229175567627
4538,0,2.908968448638916
4539,0,3.4501805305480957
4540,0,3.525026798248291
4541,0,2.7532036304473877
4542,0,4.454474449157715
4543,0,2.4985389709472656
4544,0,3.214526414871216
4545,0,3.3076634407043457
4546,0,2.3381471633911133
4547,0,1.9362658262252808
4548,0,2.946969747543335
4549,0,3.159529209136963
4550,0,3.172412395477295
4551,0,1.273414134979248
4552,0,3.8433632850646973
4553,0,3.5164966583251953
4554,0,4.1338300704956055
4555,0,3.3424816131591797
4556,0,3.340545654296875
4557,0,2.3005762100219727
4558,0,3.3175320625305176
4559,0,2.672060489654541
4560,0,3.2538962364196777
4561,0,2.648033380508423
4562,0,2.325313091278076
4563,0,3.553628444671631
4564,0,2.9964406490325928
4565,0,2.77287220954895
4566,0,2.122298002243042
4567,0,2.9341506958007812
4568,0,1.7389901876449585
4569,0,2.7529609203338623
4570,0,3.7962985038757324
4571,0,3.4845266342163086
4572,0,2.4225728511810303
4573,0,2.533759117126465
4574,0,2.947479486465454
4575,0,2.1413607597351074
4576,0,3.443415880203247
4577,0,2.9921863079071045
4578,0,2.7072341442108154
4579,0,3.4180073738098145
4580,0,2.453726291656494
4581,0,2.8638739585876465
4582,0,2.2599024772644043
4583,0,2.1759860515594482
4584,0,2.955132007598877
4585,0,3.5225696563720703
4586,0,2.5950751304626465
4587,0,2.2564845085144043
4588,0,3.6330275535583496
4589,0,3.6474475860595703
4590,0,2.500532865524292
4591,0,2.0742428302764893
4592,0,2.7051608562469482
4593,0,4.018469333648682
4594,0,2.8710222244262695
4595,0,2.765439748764038
4596,0,2.2936363220214844
4597,0,3.009080648422241
4598,0,3.3051023483276367
4599,0,2.827073097229004
4600,0,2.5151472091674805
4601,0,2.590524911880493
4602,0,2.0147666931152344
4603,0,2.9136009216308594
4604,0,3.012491226196289
4605,0,4.535149574279785
4606,0,3.0798075199127197
4607,0,2.8503036499023438
4608,0,2.646484375
4609,0,3.1465067863464355
4610,0,3.106821060180664
4611,0,3.370296001434326
4612,0,2.305603504180908
4613,0,2.261996030807495
4614,0,2.7146782875061035
4615,0,3.030630350112915
4616,0,3.469435930252075
4617,0,2.9893126487731934
4618,0,3.6238913536071777
4619,0,3.479663372039795
4620,0,2.1510350704193115
4621,0,2.9396090507507324
4622,0,3.0681309700012207
4623,0,3.8671579360961914
4624,0,3.510845184326172
4625,0,3.534114360809326
4626,0,3.0690345764160156
4627,0,2.3180651664733887
4628,0,3.217412233352661
4629,0,4.512904644012451
4630,0,3.4443020820617676
4631,0,3.4156837463378906
4632,0,4.716736316680908
4633,0,2.9809987545013428
4634,0,3.4785730838775635
4635,0,3.812258243560791
4636,0,3.749075412750244
4637,0,2.841721773147583
4638,0,4.304542541503906
4639,0,3.5230467319488525
4640,0,1.9374672174453735
4641,0,2.27992844581604
4642,0,2.3752729892730713
4643,0,1.9800188541412354
4644,0,3.1421563625335693
4645,0,2.7496418952941895
4646,0,3.4234533309936523
4647,0,1.980425238609314
4648,0,3.933558225631714
4649,0,2.2238640785217285
4650,0,2.9814960956573486
4651,0,3.0665926933288574
4652,0,2.9740476608276367
4653,0,2.810847520828247
4654,0,2.364969491958618
4655,0,2.6193604469299316
4656,0,3.16087007522583
4657,0,4.735610485076904
4658,0,3.102499485015869
4659,0,2.579481601715088
4660,0,3.1437692642211914
4661,0,1.9401390552520752
4662,0,4.235104560852051
4663,0,2.765105962753296
4664,0,2.9385881423950195
4665,0,2.1553449630737305
4666,0,1.914116382598877
4667,0,2.870420455932617
4668,0,3.6110122203826904
4669,0,4.514581680297852
4670,0,2.3889081478118896
4671,0,2.5050249099731445
4672,0,2.5982747077941895
4673,0,4.530102729797363
4674,0,4.426105499267578
4675,0,2.7619528770446777
4676,0,3.3443942070007324
4677,0,2.1017723083496094
4678,0,3.9802863597869873
4679,0,2.710836887359619
4680,0,3.690357208251953
4681,0,3.3299314975738525
4682,0,2.822826385498047
4683,0,2.3629438877105713
4684,0,2.1289570331573486
4685,0,3.5573482513427734
4686,0,2.545423984527588
4687,0,3.398719310760498
4688,0,2.836796522140503
4689,0,2.9562549591064453
4690,0,2.469032049179077
4691,0,3.255302906036377
4692,0,3.642176866531372
4693,0,2.4776790142059326
4694,0,2.15753436088562
4695,0,2.5316781997680664
4696,0,2.922675371170044
4697,0,1.7939238548278809
4698,0,2.365504264831543
4699,0,2.869992733001709
4700,0,3.5499343872070312
4701,0,2.4975926876068115
4702,0,1.5455608367919922
4703,0,5.805824279785156
4704,0,2.1049697399139404
4705,0,4.3479204177856445
4706,0,2.516965627670288
4707,0,2.504087448120117
4708,0,3.6694583892822266
4709,0,3.0384674072265625
4710,0,3.12896466255188
4711,0,2.342944860458374
4712,0,2.1309921741485596
4713,0,2.743433952331543
4714,0,3.862093448638916
4715,0,2.5046141147613525
4716,0,3.81442928314209
4717,0,2.9140477180480957
4718,0,2.7671725749969482
4719,0,2.3454811573028564
4720,0,3.0863683223724365
4721,0,3.507333993911743
4722,0,3.8873913288116455
4723,0,4.344937324523926
4724,0,3.262779951095581
4725,0,2.6247377395629883
4726,0,2.532371759414673
4727,0,2.8187103271484375
4728,0,1.7953206300735474
4729,0,2.9543352127075195
4730,0,2.709360122680664
4731,0,2.8504767417907715
4732,0,3.2098212242126465
4733,0,2.982532024383545
4734,0,2.313720464706421
4735,0,2.7463746070861816
4736,0,2.4915964603424072
4737,0,3.8452301025390625
4738,0,3.7512266635894775
4739,0,4.146966457366943
4740,0,4.343916893005371
4741,0,3.6523423194885254
4742,0,2.6865596771240234
4743,0,2.8579766750335693
4744,0,4.759122371673584
4745,0,2.730451822280884
4746,0,2.889876365661621
4747,0,2.503674030303955
4748,0,2.8876185417175293
4749,0,3.199571132659912
4750,0,3.8103837966918945
4751,0,1.6038798093795776
4752,0,1.5574113130569458
4753,0,1.7044470310211182
4754,0,2.209191083908081
4755,0,1.7021256685256958
4756,0,1.3280000686645508
4757,0,2.4951765537261963
4758,0,3.0542097091674805
4759,0,3.015244960784912
4760,0,1.8620178699493408
4761,0,3.2558131217956543
4762,0,2.9054384231567383
4763,0,3.0825533866882324
4764,0,2.816741943359375
4765,0,3.490732192993164
4766,0,3.3644776344299316
4767,0,3.8906021118164062
4768,0,4.246901035308838
4769,0,2.3736517429351807
4770,0,4.184679985046387
4771,0,1.8560466766357422
4772,0,2.2260396480560303
4773,0,2.1604981422424316
4774,0,3.450998306274414
4775,0,3.1654305458068848
4776,0,1.8713611364364624
4777,0,5.204663276672363
4778,0,3.426227331161499
4779,0,2.9571051597595215
4780,0,2.4952478408813477
4781,0,2.564685821533203
4782,0,2.719257116317749
4783,0,2.4114816188812256
4784,0,2.9062888622283936
4785,0,3.0988659858703613
4786,0,3.325730800628662
4787,0,2.0381977558135986
4788,0,3.0614612102508545
4789,0,4.22982931137085
4790,0,3.7482168674468994
4791,0,2.4747138023376465
4792,0,2.963801383972168
4793,0,3.1828482151031494
4794,0,3.1403918266296387
4795,0,4.480737209320068
4796,0,2.079576253890991
4797,0,2.03061580657959
4798,0,3.469848155975342
4799,0,3.352881669998169
4800,0,3.190990447998047
4801,0,3.496229410171509
4802,0,3.538688898086548
4803,0,3.4173777103424072
4804,0,3.9184811115264893
4805,0,3.8456034660339355
4806,0,3.0374488830566406
4807,0,2.962512254714966
4808,0,2.865607976913452
4809,0,1.8884153366088867
4810,0,1.781221866607666
4811,0,2.771806001663208
4812,0,3.5668764114379883
4813,0,2.059781312942505
4814,0,4.264163017272949
4815,0,1.7402561902999878
4816,0,3.8435025215148926
4817,0,3.2749598026275635
4818,0,2.0979063510894775
4819,0,3.2107510566711426
4820,0,3.564534902572632
4821,0,1.9911625385284424
4822,0,3.7726244926452637
4823,0,2.233004331588745
4824,0,4.120196342468262
4825,0,2.2676756381988525
4826,0,3.023606061935425
4827,0,2.907168388366699
4828,0,2.5125510692596436
4829,0,3.1340200901031494
4830,0,2.2196502685546875
4831,0,2.7781248092651367
4832,0,2.8642795085906982
4833,0,3.11338472366333
4834,0,2.6215145587921143
4835,0,2.6371850967407227
4836,0,2.312404155731201
4837,0,3.2983429431915283
4838,0,1.732197880744934
4839,0,2.0176191329956055
4840,0,2.8755977153778076
4841,0,1.9266605377197266
4842,0,3.5250418186187744
4843,0,1.467667579650879
4844,0,3.238584518432617
4845,0,1.8295602798461914
4846,0,4.675062656402588
4847,0,3.0240678787231445
4848,0,2.525211811065674
4849,0,3.8310513496398926
4850,0,2.4879398345947266
4851,0,2.409724235534668
4852,0,2.2935709953308105
4853,0,4.887168884277344
4854,0,3.9880237579345703
4855,0,3.019608736038208
4856,0,1.7372469902038574
4857,0,2.051114082336426
4858,0,3.21876859664917
4859,0,2.8607397079467773
4860,0,1.5775268077850342
4861,0,3.5560710430145264
4862,0,2.108475923538208
4863,0,2.8860185146331787
4864,0,2.2853076457977295
4865,0,3.203709125518799
4866,0,4.682358741760254
4867,0,2.226900100708008
4868,0,3.489149332046509
4869,0,2.588930606842041
4870,0,2.792971134185791
4871,0,2.6393463611602783
4872,0,0.9056316614151001
4873,0,1.3529152870178223
4874,0,2.512335777282715
4875,0,3.9783408641815186
4876,0,1.817252516746521
4877,0,4.3663740158081055
4878,0,3.737020492553711
4879,0,1.5839496850967407
4880,0,2.5840182304382324
4881,0,2.289658308029175
4882,0,3.571868419647217
4883,0,2.411669969558716
4884,0,1.3826125860214233
4885,0,3.2616264820098877
4886,0,2.389596700668335
4887,0,2.640979290008545
4888,0,3.8242156505584717
4889,0,2.8823299407958984
4890,0,3.9344098567962646
4891,0,2.738173484802246
4892,0,2.053514242172241
4893,0,2.8942267894744873
4894,0,2.763105869293213
4895,0,4.371437072753906
4896,0,1.9917771816253662
4897,0,2.081408739089966
4898,0,3.5302746295928955
4899,0,2.7628958225250244
4900,0,3.3760335445404053
4901,0,1.4120670557022095
4902,0,2.9987006187438965
4903,0,2.819963216781616
4904,0,3.5451669692993164
4905,0,3.4808058738708496
4906,0,3.252039909362793
4907,0,2.7224552631378174
4908,0,3.3079640865325928
4909,0,3.4210622310638428
4910,0,2.026233434677124
4911,0,2.51751971244812
4912,0,3.24062442779541
4913,0,2.005460500717163
4914,0,4.579437255859375
4915,0,3.3110055923461914
4916,0,2.0172908306121826
4917,0,1.4345674514770508
4918,0,3.1112875938415527
4919,0,1.723417043685913
4920,0,2.6757121086120605
4921,0,2.585430383682251
4922,0,2.298753261566162
4923,0,2.58107328414917
4924,0,2.3996312618255615
4925,0,4.136834621429443
4926,0,1.4810172319412231
4927,0,3.3960518836975098
4928,0,2.1693949699401855
4929,0,2.034701108932495
4930,0,3.264721393585205
4931,0,1.9248383045196533
4932,0,2.3308184146881104
4933,0,3.024968385696411
4934,0,2.8353772163391113
4935,0,3.3348891735076904
4936,0,4.028290748596191
4937,0,3.8297386169433594
4938,0,2.027287721633911
4939,0,4.002566814422607
4940,0,2.1677358150482178
4941,0,3.391314744949341
4942,0,2.8411552906036377
4943,0,2.053854465484619
4944,0,3.903785467147827
4945,0,3.631873607635498
4946,0,2.9473695755004883
4947,0,3.510521173477173
4948,0,3.9970500469207764
4949,0,1.7921127080917358
4950,0,3.540510892868042
4951,0,3.0427968502044678
4952,0,1.723710298538208
4953,0,4.634302139282227
4954,0,4.512704849243164
4955,0,3.6238813400268555
4956,0,4.024991512298584
4957,0,4.693418502807617
4958,0,3.19923734664917
4959,0,2.688838005065918
4960,0,2.88334321975708
4961,0,3.4833459854125977
4962,0,4.842198848724365
4963,0,2.3864474296569824
4964,0,2.7473602294921875
4965,0,3.7524425983428955
4966,0,3.4611868858337402
4967,0,1.7699406147003174
4968,0,3.121966600418091
4969,0,2.8307414054870605
4970,0,2.1474831104278564
4971,0,5.478822708129883
4972,0,2.178488254547119
4973,0,2.4167191982269287
4974,0,2.0967483520507812
4975,0,2.0898663997650146
4976,0,2.971106767654419
4977,0,2.3424010276794434
4978,0,3.3783788681030273
4979,0,2.6302828788757324
4980,0,3.2456226348876953
4981,0,2.6743314266204834
4982,0,2.587364912033081
4983,0,2.9116506576538086
4984,0,2.1795101165771484
4985,0,2.615341901779175
4986,0,2.959843635559082
4987,0,3.2803092002868652
4988,0,1.8694276809692383
4989,0,4.783148765563965
4990,0,2.3569140434265137
4991,0,2.5568714141845703
4992,0,3.5880045890808105
4993,0,2.8905694484710693
4994,0,2.379286289215088
4995,0,1.5373445749282837
4996,0,4.21047306060791
4997,0,1.9436463117599487
4998,0,2.6819255352020264
4999,0,1.868821382522583
5000,0,2.0974037647247314
5001,0,2.4193077087402344
5002,0,4.507155418395996
5003,0,3.3732175827026367
5004,0,1.664212942123413
5005,0,1.9136097431182861
5006,0,3.107673406600952
5007,0,2.7942054271698
5008,0,2.152496576309204
5009,0,2.7947425842285156
5010,0,4.1434831619262695
5011,0,3.963529109954834
5012,0,2.6918082237243652
5013,0,2.794656276702881
5014,0,3.807069778442383
5015,0,1.9128509759902954
5016,0,2.1732964515686035
5017,0,1.3447840213775635
5018,0,1.859203815460205
5019,0,1.9744937419891357
5020,0,2.895325183868408
5021,0,3.1025564670562744
5022,0,5.482884407043457
5023,0,2.014000415802002
5024,0,2.701427698135376
5025,0,3.576671600341797
5026,0,3.7767751216888428
5027,0,2.758941888809204
5028,0,4.3033127784729
5029,0,2.5413565635681152
5030,0,3.0808041095733643
5031,0,2.0581369400024414
5032,0,2.3633315563201904
5033,0,2.422020196914673
5034,0,2.9558258056640625
5035,0,2.483217239379883
5036,0,3.4021151065826416
5037,0,2.955125093460083
5038,0,2.298447847366333
5039,0,3.7429068088531494
5040,0,3.21325945854187
5041,0,3.8767311573028564
5042,0,3.3506932258605957
5043,0,4.270573616027832
5044,0,3.2039661407470703
5045,0,3.7728521823883057
5046,0,2.0552380084991455
5047,0,3.1903843879699707
5048,0,3.5248191356658936
5049,0,2.6167755126953125
5050,0,1.4619101285934448
5051,0,2.6968774795532227
5052,0,2.33622407913208
5053,0,2.543416976928711
5054,0,3.5155372619628906
5055,0,3.0797853469848633
5056,0,2.9200127124786377
5057,0,4.510464191436768
5058,0,2.5334579944610596
5059,0,2.8810501098632812
5060,0,3.8127033710479736
5061,0,2.529491424560547
5062,0,2.7487545013427734
5063,0,3.3128485679626465
5064,0,3.458218812942505
5065,0,2.6950056552886963
5066,0,2.5126383304595947
5067,0,4.199330806732178
5068,0,3.0196726322174072
5069,0,1.3844091892242432
5070,0,2.5981061458587646
5071,0,2.0202512741088867
5072,0,2.9201481342315674
5073,0,3.528226375579834
5074,0,3.023306131362915
5075,0,3.5466911792755127
5076,0,3.405965805053711
5077,0,3.5725159645080566
5078,0,2.135007858276367
5079,0,3.660454273223877
5080,0,3.1922268867492676
5081,0,2.6151256561279297
5082,0,3.0905961990356445
5083,0,3.0031919479370117
5084,0,4.291545391082764
5085,0,2.0191314220428467
5086,0,2.9833602905273438
5087,0,1.6082251071929932
5088,0,2.055359363555908
5089,0,3.4447388648986816
5090,0,2.767420530319214
5091,0,2.944162607192993
5092,0,2.2188637256622314
5093,0,3.523829936981201
5094,0,3.362034797668457
5095,0,2.250544548034668
5096,0,2.0995781421661377
5097,0,2.1585187911987305
5098,0,3.686030149459839
5099,0,3.213693857192993
5100,0,2.1155600547790527
5101,0,3.350693702697754
5102,0,3.731041193008423
5103,0,3.2382047176361084
5104,0,2.1717610359191895
5105,0,4.079503536224365
5106,0,2.5048890113830566
5107,0,3.1364033222198486
5108,0,1.6629785299301147
5109,0,2.839200973510742
5110,0,2.906691789627075
5111,0,1.6887774467468262
5112,0,2.1840147972106934
5113,0,2.2860043048858643
5114,0,3.021972179412842
5115,0,2.3726806640625
5116,0,1.9056835174560547
5117,0,3.193420648574829
5118,0,2.065614938735962
5119,0,4.463924407958984
5120,0,4.590723991394043
5121,0,2.2444543838500977
5122,0,2.5399677753448486
5123,0,3.8300328254699707
5124,0,2.429168939590454
5125,0,3.8627407550811768
5126,0,1.9250473976135254
5127,0,2.5079474449157715
5128,0,2.7757439613342285
5129,0,1.048190951347351
5130,0,2.0862762928009033
5131,0,1.5394055843353271
5132,0,2.325300455093384
5133,0,2.418231248855591
5134,0,2.2170026302337646
5135,0,3.4285895824432373
5136,0,3.350484848022461
5137,0,2.889132022857666
5138,0,1.0477218627929688
5139,0,2.009204864501953
5140,0,3.691088914871216
5141,0,3.0066633224487305
5142,0,2.7558205127716064
5143,0,3.673543691635132
5144,0,1.8381731510162354
5145,0,2.5720481872558594
5146,0,4.42734432220459
5147,0,2.138932228088379
5148,0,3.7342031002044678
5149,0,2.8720903396606445
5150,0,1.5019354820251465
5151,0,2.9744551181793213
5152,0,3.1656644344329834
5153,0,3.7465639114379883
5154,0,3.1554253101348877
5155,0,2.054384708404541
5156,0,3.1469786167144775
5157,0,2.6949822902679443
5158,0,2.616032600402832
5159,0,3.870450973510742
5160,0,1.809977650642395
5161,0,2.7335691452026367
5162,0,3.470771312713623
5163,0,3.434842348098755
5164,0,2.2309648990631104
5165,0,1.8024518489837646
5166,0,1.8506698608398438
5167,0,2.950145959854126
5168,0,2.2816920280456543
5169,0,1.727051854133606
5170,0,2.2847342491149902
5171,0,2.656369686126709
5172,0,3.6180343627929688
5173,0,2.6539766788482666
5174,0,2.3501510620117188
5175,0,2.9500696659088135
5176,0,2.351844549179077
5177,0,3.965575695037842
5178,0,3.004783868789673
5179,0,1.8521127700805664
5180,0,4.033117294311523
5181,0,2.944838047027588
5182,0,3.1324081420898438
5183,0,3.505218982696533
5184,0,2.98313570022583
5185,0,4.489701747894287
5186,0,3.542715311050415
5187,0,3.7345409393310547
5188,0,3.0470383167266846
5189,0,1.391980767250061
5190,0,2.134338140487671
5191,0,2.4894516468048096
5192,0,2.4482643604278564
5193,0,2.1382486820220947
5194,0,2.6975395679473877
5195,0,4.209000587463379
5196,0,2.622967481613159
5197,0,5.840629577636719
5198,0,4.611696243286133
5199,0,5.589747428894043
5200,0,5.2041826248168945
5201,0,2.5532546043395996
5202,0,2.5769312381744385
5203,0,3.5857443809509277
5204,0,1.965872883796692
5205,0,1.8512380123138428
5206,0,2.5689444541931152
5207,0,3.127995014190674
5208,0,2.2022809982299805
5209,0,2.5983622074127197
5210,0,4.787430763244629
5211,0,4.450201034545898
5212,0,3.3736391067504883
5213,0,4.090623378753662
5214,0,2.1880528926849365
5215,0,3.721769094467163
5216,0,2.39721941947937
5217,0,2.30961275100708
5218,0,2.0723507404327393
5219,0,2.6800363063812256
5220,0,3.5241827964782715
5221,0,2.381068468093872
5222,0,1.9876465797424316
5223,0,1.989587664604187
5224,0,3.264523983001709
5225,0,4.371457576751709
5226,0,2.730750322341919
5227,0,3.0402307510375977
5228,0,2.398543357849121
5229,0,2.8148348331451416
5230,0,4.053167819976807
5231,0,1.0289183855056763
5232,0,2.693692207336426
5233,0,3.042870044708252
5234,0,3.083217144012451
5235,0,2.9835026264190674
5236,0,3.0623579025268555
5237,0,3.671177625656128
5238,0,3.66575288772583
5239,0,3.279634952545166
5240,0,2.3971095085144043
5241,0,3.134194850921631
5242,0,2.4862396717071533
5243,0,3.8040225505828857
5244,0,2.460653066635132
5245,0,3.998674154281616
5246,0,3.36146879196167
5247,0,3.113137722015381
5248,0,3.6850295066833496
5249,0,3.4827804565429688
5250,0,4.815609455108643
5251,0,3.174751043319702
5252,0,3.7210311889648438
5253,0,2.8751060962677
5254,0,4.531161785125732
5255,0,3.3020544052124023
5256,0,2.764113664627075
5257,0,3.0767452716827393
5258,0,2.7548506259918213
5259,0,4.562614440917969
5260,0,1.7502905130386353
5261,0,2.893502950668335
5262,0,3.032259225845337
5263,0,2.3310317993164062
5264,0,1.989011287689209
5265,0,1.8026294708251953
5266,0,3.465001344680786
5267,0,2.6696317195892334
5268,0,2.0327343940734863
5269,0,2.4202661514282227
5270,0,2.4789624214172363
5271,0,3.4444637298583984
5272,0,2.5533792972564697
5273,0,3.0444209575653076
5274,0,3.7456085681915283
5275,0,3.2690670490264893
5276,0,4.26571798324585
5277,0,3.615915060043335
5278,0,2.3405797481536865
5279,0,3.511280059814453
5280,0,2.798687696456909
5281,0,4.616815567016602
5282,0,4.777143478393555
5283,0,4.720736980438232
5284,0,2.6754486560821533
5285,0,3.7993617057800293
5286,0,3.505894899368286
5287,0,2.0841119289398193
5288,0,1.7707692384719849
5289,0,3.2776098251342773
5290,0,2.589722156524658
5291,0,2.1758155822753906
5292,0,2.0166800022125244
5293,0,3.6509337425231934
5294,0,1.647479772567749
5295,0,2.4657773971557617
5296,0,2.559375047683716
5297,0,2.8306140899658203
5298,0,1.2970597743988037
5299,0,2.9009642601013184
5300,0,3.434839963912964
5301,0,2.3139126300811768
5302,0,2.1882481575012207
5303,0,1.9794665575027466
5304,0,2.8107175827026367
5305,0,2.62801194190979
5306,0,2.094780206680298
5307,0,2.5716588497161865
5308,0,1.8293285369873047
5309,0,2.8375234603881836
5310,0,2.5408709049224854
5311,0,2.7545530796051025
5312,0,4.1546950340271
5313,0,3.146179676055908
5314,0,3.5173087120056152
5315,0,2.7691731452941895
5316,0,2.259608030319214
5317,0,2.0542409420013428
5318,0,2.389451265335083
5319,0,2.267000436782837
5320,0,2.3356027603149414
5321,0,4.439413547515869
5322,0,2.4164607524871826
5323,0,3.7776899337768555
5324,0,2.20241379737854
5325,0,3.09503436088562
5326,0,2.2733840942382812
5327,0,2.011408805847168
5328,0,3.677140474319458
5329,0,2.3210504055023193
5330,0,4.338693141937256
5331,0,4.336273193359375
5332,0,4.117847442626953
5333,0,4.113701820373535
5334,0,2.8199100494384766
5335,0,2.2186317443847656
5336,0,2.1563498973846436
5337,0,1.8642733097076416
5338,0,2.9413914680480957
5339,0,1.921030879020691
5340,0,2.5655357837677
5341,0,1.6647876501083374
5342,0,3.685797691345215
5343,0,1.4931039810180664
5344,0,1.8541643619537354
5345,0,2.6825292110443115
5346,0,2.166246175765991
5347,0,2.5698888301849365
5348,0,4.338157653808594
5349,0,2.8540639877319336
5350,0,3.7112207412719727
5351,0,3.3410160541534424
5352,0,3.484173536300659
5353,0,3.5340347290039062
5354,0,3.404221296310425
5355,0,2.0670619010925293
5356,0,2.948230266571045
5357,0,2.7137653827667236
5358,0,2.7776787281036377
5359,0,3.2441132068634033
5360,0,2.674414873123169
5361,0,3.077615261077881
5362,0,2.3403468132019043
5363,0,1.9555010795593262
5364,0,3.240579605102539
5365,0,2.6920952796936035
5366,0,3.024270534515381
5367,0,3.3455123901367188
5368,0,1.6435667276382446
5369,0,3.0823800563812256
5370,0,2.22713565826416
5371,0,2.8400394916534424
5372,0,2.9151735305786133
5373,0,2.6630375385284424
5374,0,2.736829996109009
5375,0,2.2212612628936768
5376,0,3.4920835494995117
5377,0,2.9199442863464355
5378,0,3.770347833633423
5379,0,3.4819860458374023
5380,0,1.9277622699737549
5381,0,2.8193838596343994
5382,0,3.434478759765625
5383,0,1.7744539976119995
5384,0,2.0891642570495605
5385,0,2.6723380088806152
5386,0,4.008864879608154
5387,0,2.0500779151916504
5388,0,3.7509074211120605
5389,0,2.0449764728546143
5390,0,2.839038372039795
5391,0,2.349757671356201
5392,0,3.5016984939575195
5393,0,2.715566635131836
5394,0,4.297910690307617
5395,0,4.078190326690674
5396,0,2.3886804580688477
5397,0,2.2968764305114746
5398,0,3.408951759338379
5399,0,3.766371250152588
5400,0,2.372699022293091
5401,0,3.6210060119628906
5402,0,2.2988336086273193
5403,0,3.1320202350616455
5404,0,3.325094699859619
5405,0,2.628018856048584
5406,0,2.631852865219116
5407,0,2.3718791007995605
5408,0,2.940783739089966
5409,0,2.070563316345215
5410,0,2.6297309398651123
5411,0,2.941370725631714
5412,0,3.730534791946411
5413,0,3.711228847503662
5414,0,1.7470979690551758
5415,0,3.46138334274292
5416,0,3.4447922706604004
5417,0,2.38521146774292
5418,0,2.6711103916168213
5419,0,2.0714173316955566
5420,0,2.1590423583984375
5421,0,3.219132900238037
5422,0,2.788033962249756
5423,0,3.2445969581604004
5424,0,3.5318024158477783
5425,0,2.115405559539795
5426,0,4.897525787353516
5427,0,3.598527431488037
5428,0,3.98366641998291
5429,0,3.237888813018799
5430,0,2.2527787685394287
5431,0,1.8399484157562256
5432,0,2.375854015350342
5433,0,2.3869547843933105
5434,0,3.982783555984497
5435,0,3.2920446395874023
5436,0,3.4588661193847656
5437,0,3.8598217964172363
5438,0,2.6030454635620117
5439,0,4.0758466720581055
5440,0,3.5847983360290527
5441,0,2.9981679916381836
5442,0,4.356212139129639
5443,0,1.565148949623108
5444,0,4.428984642028809
5445,0,3.1325674057006836
5446,0,3.944491386413574
5447,0,2.2057394981384277
5448,0,4.376854419708252
5449,0,4.8953447341918945
5450,0,4.358660697937012
5451,0,2.369114875793457
5452,0,2.7753982543945312
5453,0,2.896597146987915
5454,0,2.7183971405029297
5455,0,3.9148621559143066
5456,0,2.453890323638916
5457,0,3.55998158454895
5458,0,1.831516981124878
5459,0,1.6664243936538696
5460,0,2.467111587524414
5461,0,3.4698333740234375
5462,0,2.476289749145508
5463,0,2.7798149585723877
5464,0,3.014352798461914
5465,0,2.7378499507904053
5466,0,3.010240316390991
5467,0,2.6963398456573486
5468,0,3.40730357170105
5469,0,3.7874691486358643
5470,0,1.9868313074111938
5471,0,2.0066795349121094
5472,0,2.5701375007629395
5473,0,3.0518991947174072
5474,0,4.043469429016113
5475,0,4.218455791473389
5476,0,1.6497278213500977
5477,0,3.0367565155029297
5478,0,1.937644600868225
5479,0,2.441760778427124
5480,0,2.605752468109131
5481,0,2.070120096206665
5482,0,4.074225425720215
5483,0,2.4433999061584473
5484,0,0.25366780161857605
5485,0,0.25366780161857605
5486,0,0.25366780161857605
5487,0,0.25366780161857605
5488,0,0.25366780161857605
5489,0,0.25366780161857605
5490,0,0.25366780161857605
5491,0,0.25366780161857605
5492,0,0.25366780161857605
5493,0,0.25366780161857605
5494,0,0.25366780161857605
5495,0,0.25366780161857605
5496,0,0.25366780161857605
5497,0,0.25366780161857605
5498,0,0.25366780161857605
5499,0,0.25366780161857605
5500,0,0.25366780161857605
5501,0,0.25366780161857605
5502,0,0.25366780161857605
5503,0,0.25366780161857605
5504,0,0.25366780161857605
5505,0,0.25366780161857605
5506,0,0.25366780161857605
5507,0,0.25366780161857605
5508,0,0.25366780161857605
5509,0,0.25366780161857605
5510,0,0.25366780161857605
5511,0,0.25366780161857605
5512,0,0.25366780161857605
5513,0,0.25366780161857605
5514,0,0.25366780161857605
5515,0,0.25366780161857605
5516,0,0.25366780161857605
5517,0,0.25366780161857605
5518,0,0.25366780161857605
5519,0,0.25366780161857605
5520,0,0.25366780161857605
5521,0,0.25366780161857605
5522,0,0.25366780161857605
5523,0,0.25366780161857605
5524,0,0.25366780161857605
5525,0,0.25366780161857605
5526,0,0.25366780161857605
5527,0,0.25366780161857605
5528,0,0.25366780161857605
5529,0,0.25366780161857605
5530,0,0.25366780161857605
5531,0,0.25366780161857605
5532,0,0.25366780161857605
5533,0,0.25366780161857605
5534,0,0.25366780161857605
5535,0,0.25366780161857605
5536,0,0.25366780161857605
5537,0,0.25366780161857605
5538,0,0.25366780161857605
5539,0,0.25366780161857605
5540,0,0.25366780161857605
5541,0,0.25366780161857605
5542,0,0.25366780161857605
5543,0,0.25366780161857605
5544,0,0.25366780161857605
5545,0,0.25366780161857605
5546,0,0.25366780161857605
5547,0,0.25366780161857605
5548,0,0.25366780161857605
5549,0,0.25366780161857605
5550,0,0.25366780161857605
5551,0,0.25366780161857605
5552,0,0.25366780161857605
5553,0,0.25366780161857605
5554,0,0.25366780161857605
5555,0,0.25366780161857605
5556,0,0.25366780161857605
5557,0,0.25366780161857605
5558,0,0.25366780161857605
5559,0,0.25366780161857605
5560,0,0.25366780161857605
5561,0,0.25366780161857605
5562,0,0.25366780161857605
5563,0,0.25366780161857605
5564,0,0.25366780161857605
5565,0,0.25366780161857605
5566,0,0.25366780161857605
5567,0,0.25366780161857605
5568,0,0.25366780161857605
5569,0,0.25366780161857605
5570,0,0.25366780161857605
5571,0,0.25366780161857605
5572,0,0.25366780161857605
5573,0,0.25366780161857605
5574,0,0.25366780161857605
5575,0,0.25366780161857605
5576,0,0.25366780161857605
5577,0,0.25366780161857605
5578,0,0.25366780161857605
5579,0,0.25366780161857605
5580,0,0.25366780161857605
5581,0,0.25366780161857605
5582,0,0.25366780161857605
5583,0,0.25366780161857605
5584,0,0.25366780161857605
5585,0,0.25366780161857605
5586,0,0.25366780161857605
5587,0,0.25366780161857605
5588,0,0.25366780161857605
5589,0,0.25366780161857605
5590,0,0.25366780161857605
5591,0,0.25366780161857605
5592,0,0.25366780161857605
5593,0,0.25366780161857605
5594,0,0.25366780161857605
5595,0,0.25366780161857605
5596,0,0.25366780161857605
5597,0,0.25366780161857605
5598,0,0.25366780161857605
5599,0,0.25366780161857605
5600,0,0.25366780161857605
5601,0,0.25366780161857605
5602,0,0.25366780161857605
5603,0,0.25366780161857605
5604,0,0.25366780161857605
5605,0,0.25366780161857605
5606,0,0.25366780161857605
5607,0,0.25366780161857605
5608,0,0.25366780161857605
5609,0,0.25366780161857605
5610,0,0.25366780161857605
5611,0,0.25366780161857605
5612,0,0.25366780161857605
5613,0,0.25366780161857605
5614,0,0.25366780161857605
5615,0,0.25366780161857605
5616,0,0.25366780161857605
5617,0,0.25366780161857605
5618,0,0.25366780161857605
5619,0,0.25366780161857605
5620,0,0.25366780161857605
5621,0,0.25366780161857605
5622,0,0.25366780161857605
5623,0,0.25366780161857605
5624,0,0.25366780161857605
5625,0,0.25366780161857605
5626,0,0.25366780161857605
5627,0,0.25366780161857605
5628,0,0.25366780161857605
5629,0,0.25366780161857605
5630,0,0.25366780161857605
5631,0,0.25366780161857605
5632,0,0.25366780161857605
5633,0,0.25366780161857605
5634,0,0.25366780161857605
5635,0,0.25366780161857605
5636,0,0.25366780161857605
5637,0,0.25366780161857605
5638,0,0.25366780161857605
5639,0,0.25366780161857605
5640,0,0.25366780161857605
5641,0,0.25366780161857605
5642,0,0.25366780161857605
5643,0,0.25366780161857605
5644,0,0.25366780161857605
5645,0,0.25366780161857605
5646,0,0.25366780161857605
5647,0,0.25366780161857605
5648,0,0.25366780161857605
5649,0,0.25366780161857605
5650,0,0.25366780161857605
5651,0,0.25366780161857605
5652,0,0.25366780161857605
5653,0,0.25366780161857605
5654,0,0.25366780161857605
5655,0,0.25366780161857605
5656,0,0.25366780161857605
5657,0,0.25366780161857605
5658,0,0.25366780161857605
5659,0,0.25366780161857605
5660,0,0.25366780161857605
5661,0,0.25366780161857605
5662,0,0.25366780161857605
5663,0,0.25366780161857605
5664,0,0.25366780161857605
5665,0,0.25366780161857605
5666,0,0.25366780161857605
5667,0,0.25366780161857605
5668,0,0.25366780161857605
5669,0,0.25366780161857605
5670,0,0.25366780161857605
5671,0,0.25366780161857605
5672,0,0.25366780161857605
5673,0,0.25366780161857605
5674,0,0.25366780161857605
5675,0,0.25366780161857605
5676,0,0.25366780161857605
5677,0,0.25366780161857605
5678,0,0.25366780161857605
5679,0,0.25366780161857605
5680,0,0.25366780161857605
5681,0,0.25366780161857605
5682,0,0.25366780161857605
5683,0,0.25366780161857605
5684,0,0.25366780161857605
5685,0,0.25366780161857605
5686,0,0.25366780161857605
5687,0,0.25366780161857605
5688,0,0.25366780161857605
5689,0,0.25366780161857605
5690,0,0.25366780161857605
5691,0,0.25366780161857605
5692,0,0.25366780161857605
5693,0,0.25366780161857605
5694,0,0.25366780161857605
5695,0,0.25366780161857605
5696,0,0.25366780161857605
5697,0,0.25366780161857605
5698,0,0.25366780161857605
5699,0,0.25366780161857605
5700,0,0.25366780161857605
5701,0,0.25366780161857605
5702,0,0.25366780161857605
5703,0,0.25366780161857605
5704,0,0.25366780161857605
5705,0,0.25366780161857605
5706,0,0.25366780161857605
5707,0,0.25366780161857605
5708,0,0.25366780161857605
5709,0,0.25366780161857605
5710,0,0.25366780161857605
5711,0,0.25366780161857605
5712,0,0.25366780161857605
5713,0,0.25366780161857605
5714,0,0.25366780161857605
5715,0,0.25366780161857605
5716,0,0.25366780161857605
5717,0,0.25366780161857605
5718,0,0.25366780161857605
5719,0,0.25366780161857605
5720,0,0.25366780161857605
5721,0,0.25366780161857605
5722,0,0.25366780161857605
5723,0,0.25366780161857605
5724,0,0.25366780161857605
5725,0,0.25366780161857605
5726,0,0.25366780161857605
5727,0,0.25366780161857605
5728,0,0.25366780161857605
5729,0,0.25366780161857605
5730,0,0.25366780161857605
5731,0,0.25366780161857605
5732,0,0.25366780161857605
5733,0,0.25366780161857605
5734,0,0.25366780161857605
5735,0,0.25366780161857605
5736,0,0.25366780161857605
5737,0,0.25366780161857605
5738,0,0.25366780161857605
5739,0,0.25366780161857605
5740,0,0.25366780161857605
5741,0,0.25366780161857605
5742,0,0.25366780161857605
5743,0,0.25366780161857605
5744,0,0.25366780161857605
5745,0,0.25366780161857605
5746,0,0.25366780161857605
5747,0,0.25366780161857605
5748,0,0.25366780161857605
5749,0,0.25366780161857605
5750,0,0.25366780161857605
5751,0,0.25366780161857605
5752,0,0.25366780161857605
5753,0,0.25366780161857605
5754,0,0.25366780161857605
5755,0,0.25366780161857605
5756,0,0.25366780161857605
5757,0,0.25366780161857605
5758,0,0.25366780161857605
5759,0,0.25366780161857605
5760,0,0.25366780161857605
5761,0,0.25366780161857605
5762,0,0.25366780161857605
5763,0,0.25366780161857605
5764,0,0.25366780161857605
5765,0,0.25366780161857605
5766,0,0.25366780161857605
5767,0,0.25366780161857605
5768,0,0.25366780161857605
5769,0,0.25366780161857605
5770,0,0.25366780161857605
5771,0,0.25366780161857605
5772,0,0.25366780161857605
5773,0,0.25366780161857605
5774,0,0.25366780161857605
5775,0,0.25366780161857605
5776,0,0.25366780161857605
5777,0,0.25366780161857605
5778,0,0.25366780161857605
5779,0,0.25366780161857605
5780,0,0.25366780161857605
5781,0,0.25366780161857605
5782,0,0.25366780161857605
5783,0,0.25366780161857605
5784,0,0.25366780161857605
5785,0,0.25366780161857605
5786,0,0.25366780161857605
5787,0,0.25366780161857605
5788,0,0.25366780161857605
5789,0,0.25366780161857605
5790,0,0.25366780161857605
5791,0,0.25366780161857605
5792,0,0.25366780161857605
5793,0,0.25366780161857605
5794,0,0.25366780161857605
5795,0,0.25366780161857605
5796,0,0.25366780161857605
5797,0,0.25366780161857605
5798,0,0.25366780161857605
5799,0,0.25366780161857605
5800,0,0.25366780161857605
5801,0,0.25366780161857605
5802,0,0.25366780161857605
5803,0,0.25366780161857605
5804,0,0.25366780161857605
5805,0,0.25366780161857605
5806,0,0.25366780161857605
5807,0,0.25366780161857605
5808,0,0.25366780161857605
5809,0,0.25366780161857605
5810,0,0.25366780161857605
5811,0,0.25366780161857605
5812,0,0.25366780161857605
5813,0,0.25366780161857605
5814,0,0.25366780161857605
5815,0,0.25366780161857605
5816,0,0.25366780161857605
5817,0,0.25366780161857605
5818,0,0.25366780161857605
5819,0,0.25366780161857605
5820,0,0.25366780161857605
5821,0,0.25366780161857605
5822,0,0.25366780161857605
5823,0,0.25366780161857605
5824,0,0.25366780161857605
5825,0,0.25366780161857605
5826,0,0.25366780161857605
5827,0,0.25366780161857605
5828,0,0.25366780161857605
5829,0,0.25366780161857605
5830,0,0.25366780161857605
5831,0,0.25366780161857605
5832,0,0.25366780161857605
5833,0,0.25366780161857605
5834,0,0.25366780161857605
5835,0,0.25366780161857605
5836,0,0.25366780161857605
5837,0,0.25366780161857605
5838,0,0.25366780161857605
5839,0,0.25366780161857605
5840,0,0.25366780161857605
5841,0,0.25366780161857605
5842,0,0.25366780161857605
5843,0,0.25366780161857605
5844,0,0.25366780161857605
5845,0,0.25366780161857605
5846,0,0.25366780161857605
5847,0,0.25366780161857605
5848,0,0.25366780161857605
5849,0,0.25366780161857605
5850,0,0.25366780161857605
5851,0,0.25366780161857605
5852,0,0.25366780161857605
5853,0,0.25366780161857605
5854,0,0.25366780161857605
5855,0,0.25366780161857605
5856,0,0.25366780161857605
5857,0,0.25366780161857605
5858,0,0.25366780161857605
5859,0,0.25366780161857605
5860,0,0.25366780161857605
5861,0,0.25366780161857605
5862,0,0.25366780161857605
5863,0,0.25366780161857605
5864,0,0.25366780161857605
5865,0,0.25366780161857605
5866,0,0.25366780161857605
5867,0,0.25366780161857605
5868,0,0.25366780161857605
5869,0,0.25366780161857605
5870,0,0.25366780161857605
5871,0,0.25366780161857605
5872,0,0.25366780161857605
5873,0,0.25366780161857605
5874,0,0.25366780161857605
5875,0,0.25366780161857605
5876,0,0.25366780161857605
5877,0,0.25366780161857605
5878,0,0.25366780161857605
5879,0,0.25366780161857605
5880,0,0.25366780161857605
5881,0,0.25366780161857605
5882,0,0.25366780161857605
5883,0,0.25366780161857605
5884,0,0.25366780161857605
5885,0,0.25366780161857605
5886,0,0.25366780161857605
5887,0,0.25366780161857605
5888,0,0.25366780161857605
5889,0,0.25366780161857605
5890,0,0.25366780161857605
5891,0,0.25366780161857605
5892,0,0.25366780161857605
5893,0,0.25366780161857605
5894,0,0.25366780161857605
5895,0,0.25366780161857605
5896,0,0.25366780161857605
5897,0,0.25366780161857605
5898,0,0.25366780161857605
5899,0,0.25366780161857605
5900,0,0.25366780161857605
5901,0,0.25366780161857605
5902,0,0.25366780161857605
5903,0,0.25366780161857605
5904,0,0.25366780161857605
5905,0,0.25366780161857605
5906,0,0.25366780161857605
5907,0,0.25366780161857605
5908,0,0.25366780161857605
5909,0,0.25366780161857605
5910,0,0.25366780161857605
5911,0,0.25366780161857605
5912,0,0.25366780161857605
5913,0,0.25366780161857605
5914,0,0.25366780161857605
5915,0,0.25366780161857605
5916,0,0.25366780161857605
5917,0,0.25366780161857605
5918,0,0.25366780161857605
5919,0,0.25366780161857605
5920,0,0.25366780161857605
5921,0,0.25366780161857605
5922,0,0.25366780161857605
5923,0,0.25366780161857605
5924,0,0.25366780161857605
5925,0,0.25366780161857605
5926,0,0.25366780161857605
5927,0,0.25366780161857605
5928,0,0.25366780161857605
5929,0,0.25366780161857605
5930,0,0.25366780161857605
5931,0,0.25366780161857605
5932,0,0.25366780161857605
5933,0,0.25366780161857605
5934,0,0.25366780161857605
5935,0,0.25366780161857605
5936,0,0.25366780161857605
5937,0,0.25366780161857605
5938,0,0.25366780161857605
5939,0,0.25366780161857605
5940,0,0.25366780161857605
5941,0,0.25366780161857605
5942,0,0.25366780161857605
5943,0,0.25366780161857605
5944,0,0.25366780161857605
5945,0,0.25366780161857605
5946,0,0.25366780161857605
5947,0,0.25366780161857605
5948,0,0.25366780161857605
5949,0,0.25366780161857605
5950,0,0.25366780161857605
5951,0,0.25366780161857605
5952,0,0.25366780161857605
5953,0,0.25366780161857605
5954,0,0.25366780161857605
5955,0,0.25366780161857605
5956,0,0.25366780161857605
5957,0,0.25366780161857605
5958,0,0.25366780161857605
5959,0,0.25366780161857605
5960,0,0.25366780161857605
5961,0,0.25366780161857605
5962,0,0.25366780161857605
5963,0,0.25366780161857605
5964,0,0.25366780161857605
5965,0,0.25366780161857605
5966,0,0.25366780161857605
5967,0,0.25366780161857605
5968,0,0.25366780161857605
5969,0,0.25366780161857605
5970,0,0.25366780161857605
5971,0,0.25366780161857605
5972,0,0.25366780161857605
5973,0,0.25366780161857605
5974,0,0.25366780161857605
5975,0,0.25366780161857605
5976,0,0.25366780161857605
5977,0,0.25366780161857605
5978,0,0.25366780161857605
5979,0,0.25366780161857605
5980,0,0.25366780161857605
5981,0,0.25366780161857605
5982,0,0.25366780161857605
5983,0,0.25366780161857605
5984,0,0.25366780161857605
5985,0,0.25366780161857605
5986,0,0.25366780161857605
5987,0,0.25366780161857605
5988,0,0.25366780161857605
5989,0,0.25366780161857605
5990,0,0.25366780161857605
5991,0,0.25366780161857605
5992,0,0.25366780161857605
5993,0,0.25366780161857605
5994,0,0.25366780161857605
5995,0,0.25366780161857605
5996,0,0.25366780161857605
5997,0,0.25366780161857605
5998,0,0.25366780161857605
5999,0,0.25366780161857605
6000,0,0.25366780161857605
6001,0,0.25366780161857605
6002,0,0.25366780161857605
6003,0,0.25366780161857605
6004,0,0.25366780161857605
6005,0,0.25366780161857605
6006,0,0.25366780161857605
6007,0,0.25366780161857605
6008,0,0.25366780161857605
6009,0,0.25366780161857605
6010,0,0.25366780161857605
6011,0,0.25366780161857605
6012,0,0.25366780161857605
6013,0,0.25366780161857605
6014,0,0.25366780161857605
6015,0,0.25366780161857605
6016,0,0.25366780161857605
6017,0,0.25366780161857605
6018,0,0.25366780161857605
6019,0,0.25366780161857605
6020,0,0.25366780161857605
6021,0,0.25366780161857605
6022,0,0.25366780161857605
6023,0,0.25366780161857605
6024,0,0.25366780161857605
6025,0,0.25366780161857605
6026,0,0.25366780161857605
6027,0,0.25366780161857605
6028,0,0.25366780161857605
6029,0,0.25366780161857605
6030,0,0.25366780161857605
6031,0,0.25366780161857605
6032,0,0.25366780161857605
6033,0,0.25366780161857605
6034,0,0.25366780161857605
6035,0,0.25366780161857605
6036,0,0.25366780161857605
6037,0,0.25366780161857605
6038,0,0.25366780161857605
6039,0,0.25366780161857605
6040,0,0.25366780161857605
6041,0,0.25366780161857605
6042,0,0.25366780161857605
6043,0,0.25366780161857605
6044,0,0.25366780161857605
6045,0,0.25366780161857605
6046,0,0.25366780161857605
6047,0,0.25366780161857605
6048,0,0.25366780161857605
6049,0,0.25366780161857605
6050,0,0.25366780161857605
6051,0,0.25366780161857605
6052,0,0.25366780161857605
6053,0,0.25366780161857605
6054,0,0.25366780161857605
6055,0,0.25366780161857605
6056,0,0.25366780161857605
6057,0,0.25366780161857605
6058,0,0.25366780161857605
6059,0,0.25366780161857605
6060,0,0.25366780161857605
6061,0,0.25366780161857605
6062,0,0.25366780161857605
6063,0,0.25366780161857605
6064,0,0.25366780161857605
6065,0,0.25366780161857605
6066,0,0.25366780161857605
6067,0,0.25366780161857605
6068,0,0.25366780161857605
6069,0,0.25366780161857605
6070,0,0.25366780161857605
6071,0,0.25366780161857605
6072,0,0.25366780161857605
6073,0,0.25366780161857605
6074,0,0.25366780161857605
6075,0,0.25366780161857605
6076,0,0.25366780161857605
6077,0,0.25366780161857605
6078,0,0.25366780161857605
6079,0,0.25366780161857605
6080,0,0.25366780161857605
6081,0,0.25366780161857605
6082,0,0.25366780161857605
6083,0,0.25366780161857605
6084,0,0.25366780161857605
6085,0,0.25366780161857605
6086,0,0.25366780161857605
6087,0,0.25366780161857605
6088,0,0.25366780161857605
6089,0,0.25366780161857605
6090,0,0.25366780161857605
6091,0,0.25366780161857605
6092,0,0.25366780161857605
6093,0,0.25366780161857605
6094,0,0.25366780161857605
6095,0,0.25366780161857605
6096,0,0.25366780161857605
6097,0,0.25366780161857605
6098,0,0.25366780161857605
6099,0,0.25366780161857605
6100,0,0.25366780161857605
6101,0,0.25366780161857605
6102,0,0.25366780161857605
6103,0,0.25366780161857605
6104,0,0.25366780161857605
6105,0,0.25366780161857605
6106,0,0.25366780161857605
6107,0,0.25366780161857605
6108,0,0.25366780161857605
6109,0,0.25366780161857605
6110,0,0.25366780161857605
6111,0,0.25366780161857605
6112,0,0.25366780161857605
6113,0,0.25366780161857605
6114,0,0.25366780161857605
6115,0,0.25366780161857605
6116,0,0.25366780161857605
6117,0,0.25366780161857605
6118,0,0.25366780161857605
6119,0,0.25366780161857605
6120,0,0.25366780161857605
6121,0,0.25366780161857605
6122,0,0.25366780161857605
6123,0,0.25366780161857605
6124,0,0.25366780161857605
6125,0,0.25366780161857605
6126,0,0.25366780161857605
6127,0,0.25366780161857605
6128,0,0.25366780161857605
6129,0,0.25366780161857605
6130,0,0.25366780161857605
6131,0,0.25366780161857605
6132,0,0.25366780161857605
6133,0,0.25366780161857605
6134,0,0.25366780161857605
6135,0,0.25366780161857605
6136,0,0.25366780161857605
6137,0,0.25366780161857605
6138,0,0.25366780161857605
6139,0,0.25366780161857605
6140,0,0.25366780161857605
6141,0,0.25366780161857605
6142,0,0.25366780161857605
6143,0,0.25366780161857605
6144,0,0.25366780161857605
6145,0,0.25366780161857605
6146,0,0.25366780161857605
6147,0,0.25366780161857605
6148,0,0.25366780161857605
6149,0,0.25366780161857605
6150,0,0.25366780161857605
6151,0,0.25366780161857605
6152,0,0.25366780161857605
6153,0,0.25366780161857605
6154,0,0.25366780161857605
6155,0,0.25366780161857605
6156,0,0.25366780161857605
6157,0,0.25366780161857605
6158,0,0.25366780161857605
6159,0,0.25366780161857605
6160,0,0.25366780161857605
6161,0,0.25366780161857605
6162,0,0.25366780161857605
6163,0,0.25366780161857605
6164,0,0.25366780161857605
6165,0,0.25366780161857605
6166,0,0.25366780161857605
6167,0,0.25366780161857605
6168,0,0.25366780161857605
6169,0,0.25366780161857605
6170,0,0.25366780161857605
6171,0,0.25366780161857605
6172,0,0.25366780161857605
6173,0,0.25366780161857605
6174,0,0.25366780161857605
6175,0,0.25366780161857605
6176,0,0.25366780161857605
6177,0,0.25366780161857605
6178,0,0.25366780161857605
6179,0,0.25366780161857605
6180,0,0.25366780161857605
6181,0,0.25366780161857605
6182,0,0.25366780161857605
6183,0,0.25366780161857605
6184,0,0.25366780161857605
6185,0,0.25366780161857605
6186,0,0.25366780161857605
6187,0,0.25366780161857605
6188,0,0.25366780161857605
6189,0,0.25366780161857605
6190,0,0.25366780161857605
6191,0,0.25366780161857605
6192,0,0.25366780161857605
6193,0,0.25366780161857605
6194,0,0.25366780161857605
6195,0,0.25366780161857605
6196,0,0.25366780161857605
6197,0,0.25366780161857605
6198,0,0.25366780161857605
6199,0,0.25366780161857605
6200,0,0.25366780161857605
6201,0,0.25366780161857605
6202,0,0.25366780161857605
6203,0,0.25366780161857605
6204,0,0.25366780161857605
6205,0,0.25366780161857605
6206,0,0.25366780161857605
6207,0,0.25366780161857605
6208,0,0.25366780161857605
6209,0,0.25366780161857605
6210,0,0.25366780161857605
6211,0,0.25366780161857605
6212,0,0.25366780161857605
6213,0,0.25366780161857605
6214,0,0.25366780161857605
6215,0,0.25366780161857605
6216,0,0.25366780161857605
6217,0,0.25366780161857605
6218,0,0.25366780161857605
6219,0,0.25366780161857605
6220,0,0.25366780161857605
6221,0,0.25366780161857605
6222,0,0.25366780161857605
6223,0,0.25366780161857605
6224,0,0.25366780161857605
6225,0,0.25366780161857605
6226,0,0.25366780161857605
6227,0,0.25366780161857605
6228,0,0.25366780161857605
6229,0,0.25366780161857605
6230,0,0.25366780161857605
6231,0,0.25366780161857605
6232,0,0.25366780161857605
6233,0,0.25366780161857605
6234,0,0.25366780161857605
6235,0,0.25366780161857605
6236,0,0.25366780161857605
6237,0,0.25366780161857605
6238,0,0.25366780161857605
6239,0,0.25366780161857605
6240,0,0.25366780161857605
6241,0,0.25366780161857605
6242,0,0.25366780161857605
6243,0,0.25366780161857605
6244,0,0.25366780161857605
6245,0,0.25366780161857605
6246,0,0.25366780161857605
6247,0,0.25366780161857605
6248,0,0.25366780161857605
6249,0,0.25366780161857605
6250,0,0.25366780161857605
6251,0,0.25366780161857605
6252,0,0.25366780161857605
6253,0,0.25366780161857605
6254,0,0.25366780161857605
6255,0,0.25366780161857605
6256,0,0.25366780161857605
6257,0,0.25366780161857605
6258,0,0.25366780161857605
6259,0,0.25366780161857605
6260,0,0.25366780161857605
6261,0,0.25366780161857605
6262,0,0.25366780161857605
6263,0,0.25366780161857605
6264,0,0.25366780161857605
6265,0,0.25366780161857605
6266,0,0.25366780161857605
6267,0,0.25366780161857605
6268,0,0.25366780161857605
6269,0,0.25366780161857605
6270,0,0.25366780161857605
6271,0,0.25366780161857605
6272,0,0.25366780161857605
6273,0,0.25366780161857605
6274,0,0.25366780161857605
6275,0,0.25366780161857605
6276,0,0.25366780161857605
6277,0,0.25366780161857605
6278,0,0.25366780161857605
6279,0,0.25366780161857605
6280,0,0.25366780161857605
6281,0,0.25366780161857605
6282,0,0.25366780161857605
6283,0,0.25366780161857605
6284,0,0.25366780161857605
6285,0,0.25366780161857605
6286,0,0.25366780161857605
6287,0,0.25366780161857605
6288,0,0.25366780161857605
6289,0,0.25366780161857605
6290,0,0.25366780161857605
6291,0,0.25366780161857605
6292,0,0.25366780161857605
6293,0,0.25366780161857605
6294,0,0.25366780161857605
6295,0,0.25366780161857605
6296,0,0.25366780161857605
6297,0,0.25366780161857605
6298,0,0.25366780161857605
6299,0,0.25366780161857605
6300,0,0.25366780161857605
6301,0,0.25366780161857605
6302,0,0.25366780161857605
6303,0,0.25366780161857605
6304,0,0.25366780161857605
6305,0,0.25366780161857605
6306,0,0.25366780161857605
6307,0,0.25366780161857605
6308,0,0.25366780161857605
6309,0,0.25366780161857605
6310,0,0.25366780161857605
6311,0,0.25366780161857605
6312,0,0.25366780161857605
6313,0,0.25366780161857605
6314,0,0.25366780161857605
6315,0,0.25366780161857605
6316,0,0.25366780161857605
6317,0,0.25366780161857605
6318,0,0.25366780161857605
6319,0,0.25366780161857605
6320,0,0.25366780161857605
6321,0,0.25366780161857605
6322,0,0.25366780161857605
6323,0,0.25366780161857605
6324,0,0.25366780161857605
6325,0,0.25366780161857605
6326,0,0.25366780161857605
6327,0,0.25366780161857605
6328,0,0.25366780161857605
6329,0,0.25366780161857605
6330,0,0.25366780161857605
6331,0,0.25366780161857605
6332,0,0.25366780161857605
6333,0,0.25366780161857605
6334,0,0.25366780161857605
6335,0,0.25366780161857605
6336,0,0.25366780161857605
6337,0,0.25366780161857605
6338,0,0.25366780161857605
6339,0,0.25366780161857605
6340,0,0.25366780161857605
6341,0,0.25366780161857605
6342,0,0.25366780161857605
6343,0,0.25366780161857605
6344,0,0.25366780161857605
6345,0,0.25366780161857605
6346,0,0.25366780161857605
6347,0,0.25366780161857605
6348,0,0.25366780161857605
6349,0,0.25366780161857605
6350,0,0.25366780161857605
6351,0,0.25366780161857605
6352,0,0.25366780161857605
6353,0,0.25366780161857605
6354,0,0.25366780161857605
6355,0,0.25366780161857605
6356,0,0.25366780161857605
6357,0,0.25366780161857605
6358,0,0.25366780161857605
6359,0,0.25366780161857605
6360,0,0.25366780161857605
6361,0,0.25366780161857605
6362,0,0.25366780161857605
6363,0,0.25366780161857605
6364,0,0.25366780161857605
6365,0,0.25366780161857605
6366,0,0.25366780161857605
6367,0,0.25366780161857605
6368,0,0.25366780161857605
6369,0,0.25366780161857605
6370,0,0.25366780161857605
6371,0,0.25366780161857605
6372,0,0.25366780161857605
6373,0,0.25366780161857605
6374,0,0.25366780161857605
6375,0,0.25366780161857605
6376,0,0.25366780161857605
6377,0,0.25366780161857605
6378,0,0.25366780161857605
6379,0,0.25366780161857605
6380,0,0.25366780161857605
6381,0,0.25366780161857605
6382,0,0.25366780161857605
6383,0,0.25366780161857605
6384,0,0.25366780161857605
6385,0,0.25366780161857605
6386,0,0.25366780161857605
6387,0,0.25366780161857605
6388,0,0.25366780161857605
6389,0,0.25366780161857605
6390,0,0.25366780161857605
6391,0,0.25366780161857605
6392,0,0.25366780161857605
6393,0,0.25366780161857605
6394,0,0.25366780161857605
6395,0,0.25366780161857605
6396,0,0.25366780161857605
6397,0,0.25366780161857605
6398,0,0.25366780161857605
6399,0,0.25366780161857605
6400,0,0.25366780161857605
6401,0,0.25366780161857605
6402,0,0.25366780161857605
6403,0,0.25366780161857605
6404,0,0.25366780161857605
6405,0,0.25366780161857605
6406,0,0.25366780161857605
6407,0,0.25366780161857605
6408,0,0.25366780161857605
6409,0,0.25366780161857605
6410,0,0.25366780161857605
6411,0,0.25366780161857605
6412,0,0.25366780161857605
6413,0,0.25366780161857605
6414,0,0.25366780161857605
6415,0,0.25366780161857605
6416,0,0.25366780161857605
6417,0,0.25366780161857605
6418,0,0.25366780161857605
6419,0,0.25366780161857605
6420,0,0.25366780161857605
6421,0,0.25366780161857605
6422,0,0.25366780161857605
6423,0,0.25366780161857605
6424,0,0.25366780161857605
6425,0,0.25366780161857605
6426,0,0.25366780161857605
6427,0,0.25366780161857605
6428,0,0.25366780161857605
6429,0,0.25366780161857605
6430,0,0.25366780161857605
6431,0,0.25366780161857605
6432,0,0.25366780161857605
6433,0,0.25366780161857605
6434,0,0.25366780161857605
6435,0,0.25366780161857605
6436,0,0.25366780161857605
6437,0,0.25366780161857605
6438,0,0.25366780161857605
6439,0,0.25366780161857605
6440,0,0.25366780161857605
6441,0,0.25366780161857605
6442,0,0.25366780161857605
6443,0,0.25366780161857605
6444,0,0.25366780161857605
6445,0,0.25366780161857605
6446,0,0.25366780161857605
6447,0,0.25366780161857605
6448,0,0.25366780161857605
6449,0,0.25366780161857605
6450,0,0.25366780161857605
6451,0,0.25366780161857605
6452,0,0.25366780161857605
6453,0,0.25366780161857605
6454,0,0.25366780161857605
6455,0,0.25366780161857605
6456,0,0.25366780161857605
6457,0,0.25366780161857605
6458,0,0.25366780161857605
6459,0,0.25366780161857605
6460,0,0.25366780161857605
6461,0,0.25366780161857605
6462,0,0.25366780161857605
6463,0,0.25366780161857605
6464,0,0.25366780161857605
6465,0,0.25366780161857605
6466,0,0.25366780161857605
6467,0,0.25366780161857605
6468,0,0.25366780161857605
6469,0,0.25366780161857605
6470,0,0.25366780161857605
6471,0,0.25366780161857605
6472,0,0.25366780161857605
6473,0,0.25366780161857605
6474,0,0.25366780161857605
6475,0,0.25366780161857605
6476,0,0.25366780161857605
6477,0,0.25366780161857605
6478,0,0.25366780161857605
6479,0,0.25366780161857605
6480,0,0.25366780161857605
6481,0,0.25366780161857605
6482,0,0.25366780161857605
6483,0,0.25366780161857605
6484,0,0.25366780161857605
6485,0,0.25366780161857605
6486,0,0.25366780161857605
6487,0,0.25366780161857605
6488,0,0.25366780161857605
6489,0,0.25366780161857605
6490,0,0.25366780161857605
6491,0,0.25366780161857605
6492,0,0.25366780161857605
6493,0,0.25366780161857605
6494,0,0.25366780161857605
6495,0,0.25366780161857605
6496,0,0.25366780161857605
6497,0,0.25366780161857605
6498,0,0.25366780161857605
6499,0,0.25366780161857605
6500,0,0.25366780161857605
6501,0,0.25366780161857605
6502,0,0.25366780161857605
6503,0,0.25366780161857605
6504,0,0.25366780161857605
6505,0,0.25366780161857605
6506,0,0.25366780161857605
6507,0,0.25366780161857605
6508,0,0.25366780161857605
6509,0,0.25366780161857605
6510,0,0.25366780161857605
6511,0,0.25366780161857605
6512,0,0.25366780161857605
6513,0,0.25366780161857605
6514,0,0.25366780161857605
6515,0,0.25366780161857605
6516,0,0.25366780161857605
6517,0,0.25366780161857605
6518,0,0.25366780161857605
6519,0,0.25366780161857605
6520,0,0.25366780161857605
6521,0,0.25366780161857605
6522,0,0.25366780161857605
6523,0,0.25366780161857605
6524,0,0.25366780161857605
6525,0,0.25366780161857605
6526,0,0.25366780161857605
6527,0,0.25366780161857605
6528,0,0.25366780161857605
6529,0,0.25366780161857605
6530,0,0.25366780161857605
6531,0,0.25366780161857605
6532,0,0.25366780161857605
6533,0,0.25366780161857605
6534,0,0.25366780161857605
6535,0,0.25366780161857605
6536,0,0.25366780161857605
6537,0,0.25366780161857605
6538,0,0.25366780161857605
6539,0,0.25366780161857605
6540,0,0.25366780161857605
6541,0,0.25366780161857605
6542,0,0.25366780161857605
6543,0,0.25366780161857605
6544,0,0.25366780161857605
6545,0,0.25366780161857605
6546,0,0.25366780161857605
6547,0,0.25366780161857605
6548,0,0.25366780161857605
6549,0,0.25366780161857605
6550,0,0.25366780161857605
6551,0,0.25366780161857605
6552,0,0.25366780161857605
6553,0,0.25366780161857605
6554,0,0.25366780161857605
6555,0,0.25366780161857605
6556,0,0.25366780161857605
6557,0,0.25366780161857605
6558,0,0.25366780161857605
6559,0,0.25366780161857605
6560,0,0.25366780161857605
6561,0,0.25366780161857605
6562,0,0.25366780161857605
6563,0,0.25366780161857605
6564,0,0.25366780161857605
6565,0,0.25366780161857605
6566,0,0.25366780161857605
6567,0,0.25366780161857605
6568,0,0.25366780161857605
6569,0,0.25366780161857605
6570,0,0.25366780161857605
6571,0,0.25366780161857605
6572,0,0.25366780161857605
6573,0,0.25366780161857605
6574,0,0.25366780161857605
6575,0,0.25366780161857605
6576,0,0.25366780161857605
6577,0,0.25366780161857605
6578,0,0.25366780161857605
6579,0,0.25366780161857605
6580,0,0.25366780161857605
6581,0,0.25366780161857605
6582,0,0.25366780161857605
6583,0,0.25366780161857605
6584,0,0.25366780161857605
6585,0,0.25366780161857605
6586,0,0.25366780161857605
6587,0,0.25366780161857605
6588,0,0.25366780161857605
6589,0,0.25366780161857605
6590,0,0.25366780161857605
6591,0,0.25366780161857605
6592,0,0.25366780161857605
6593,0,0.25366780161857605
6594,0,0.25366780161857605
6595,0,0.25366780161857605
6596,0,0.25366780161857605
6597,0,0.25366780161857605
6598,0,0.25366780161857605
6599,0,0.25366780161857605
6600,0,0.25366780161857605
6601,0,0.25366780161857605
6602,0,0.25366780161857605
6603,0,0.25366780161857605
6604,0,0.25366780161857605
6605,0,0.25366780161857605
6606,0,0.25366780161857605
6607,0,0.25366780161857605
6608,0,0.25366780161857605
6609,0,0.25366780161857605
6610,0,0.25366780161857605
6611,0,0.25366780161857605
6612,0,0.25366780161857605
6613,0,0.25366780161857605
6614,0,0.25366780161857605
6615,0,0.25366780161857605
6616,0,0.25366780161857605
6617,0,0.25366780161857605
6618,0,0.25366780161857605
6619,0,0.25366780161857605
6620,0,0.25366780161857605
6621,0,0.25366780161857605
6622,0,0.25366780161857605
6623,0,0.25366780161857605
6624,0,0.25366780161857605
6625,0,0.25366780161857605
6626,0,0.25366780161857605
6627,0,0.25366780161857605
6628,0,0.25366780161857605
6629,0,0.25366780161857605
6630,0,0.25366780161857605
6631,0,0.25366780161857605
6632,0,0.25366780161857605
6633,0,0.25366780161857605
6634,0,0.25366780161857605
6635,0,0.25366780161857605
6636,0,0.25366780161857605
6637,0,0.25366780161857605
6638,0,0.25366780161857605
6639,0,0.25366780161857605
6640,0,0.25366780161857605
6641,0,0.25366780161857605
6642,0,0.25366780161857605
6643,0,0.25366780161857605
6644,0,0.25366780161857605
6645,0,0.25366780161857605
6646,0,0.25366780161857605
6647,0,0.25366780161857605
6648,0,0.25366780161857605
6649,0,0.25366780161857605
6650,0,0.25366780161857605
6651,0,0.25366780161857605
6652,0,0.25366780161857605
6653,0,0.25366780161857605
6654,0,0.25366780161857605
6655,0,0.25366780161857605
6656,0,0.25366780161857605
6657,0,0.25366780161857605
6658,0,0.25366780161857605
6659,0,0.25366780161857605
6660,0,0.25366780161857605
6661,0,0.25366780161857605
6662,0,0.25366780161857605
6663,0,0.25366780161857605
6664,0,0.25366780161857605
6665,0,0.25366780161857605
6666,0,0.25366780161857605
6667,0,0.25366780161857605
6668,0,0.25366780161857605
6669,0,0.25366780161857605
6670,0,0.25366780161857605
6671,0,0.25366780161857605
6672,0,0.25366780161857605
6673,0,0.25366780161857605
6674,0,0.25366780161857605
6675,0,0.25366780161857605
6676,0,0.25366780161857605
6677,0,0.25366780161857605
6678,0,0.25366780161857605
6679,0,0.25366780161857605
6680,0,0.25366780161857605
6681,0,0.25366780161857605
6682,0,0.25366780161857605
6683,0,0.25366780161857605
6684,0,0.25366780161857605
6685,0,0.25366780161857605
6686,0,0.25366780161857605
6687,0,0.25366780161857605
6688,0,0.25366780161857605
6689,0,0.25366780161857605
6690,0,0.25366780161857605
6691,0,0.25366780161857605
6692,0,0.25366780161857605
6693,0,0.25366780161857605
6694,0,0.25366780161857605
6695,0,0.25366780161857605
6696,0,0.25366780161857605
6697,0,0.25366780161857605
6698,0,0.25366780161857605
6699,0,0.25366780161857605
6700,0,0.25366780161857605
6701,0,0.25366780161857605
6702,0,0.25366780161857605
6703,0,0.25366780161857605
6704,0,0.25366780161857605
6705,0,0.25366780161857605
6706,0,0.25366780161857605
6707,0,0.25366780161857605
6708,0,0.25366780161857605
6709,0,0.25366780161857605
6710,0,0.25366780161857605
6711,0,0.25366780161857605
6712,0,0.25366780161857605
6713,0,0.25366780161857605
6714,0,0.25366780161857605
6715,0,0.25366780161857605
6716,0,0.25366780161857605
6717,0,0.25366780161857605
6718,0,0.25366780161857605
6719,0,0.25366780161857605
6720,0,0.25366780161857605
6721,0,0.25366780161857605
6722,0,0.25366780161857605
6723,0,0.25366780161857605
6724,0,0.25366780161857605
6725,0,0.25366780161857605
6726,0,0.25366780161857605
6727,0,0.25366780161857605
6728,0,0.25366780161857605
6729,0,0.25366780161857605
6730,0,0.25366780161857605
6731,0,0.25366780161857605
6732,0,0.25366780161857605
6733,0,0.25366780161857605
6734,0,0.25366780161857605
6735,0,0.25366780161857605
6736,0,0.25366780161857605
6737,0,0.25366780161857605
6738,0,0.25366780161857605
6739,0,0.25366780161857605
6740,0,0.25366780161857605
6741,0,0.25366780161857605
6742,0,0.25366780161857605
6743,0,0.25366780161857605
6744,0,0.25366780161857605
6745,0,0.25366780161857605
6746,0,0.25366780161857605
6747,0,0.25366780161857605
6748,0,0.25366780161857605
6749,0,0.25366780161857605
6750,0,0.25366780161857605
6751,0,0.25366780161857605
6752,0,0.25366780161857605
6753,0,0.25366780161857605
6754,0,0.25366780161857605
6755,0,0.25366780161857605
6756,0,0.25366780161857605
6757,0,0.25366780161857605
6758,0,0.25366780161857605
6759,0,0.25366780161857605
6760,0,0.25366780161857605
6761,0,0.25366780161857605
6762,0,0.25366780161857605
6763,0,0.25366780161857605
6764,0,0.25366780161857605
6765,0,0.25366780161857605
6766,0,0.25366780161857605
6767,0,0.25366780161857605
6768,0,0.25366780161857605
6769,0,0.25366780161857605
6770,0,0.25366780161857605
6771,0,0.25366780161857605
6772,0,0.25366780161857605
6773,0,0.25366780161857605
6774,0,0.25366780161857605
6775,0,0.25366780161857605
6776,0,0.25366780161857605
6777,0,0.25366780161857605
6778,0,0.25366780161857605
6779,0,0.25366780161857605
6780,0,0.25366780161857605
6781,0,0.25366780161857605
6782,0,0.25366780161857605
6783,0,0.25366780161857605
6784,0,0.25366780161857605
6785,0,0.25366780161857605
6786,0,0.25366780161857605
6787,0,0.25366780161857605
6788,0,0.25366780161857605
6789,0,0.25366780161857605
6790,0,0.25366780161857605
6791,0,0.25366780161857605
6792,0,0.25366780161857605
6793,0,0.25366780161857605
6794,0,0.25366780161857605
6795,0,0.25366780161857605
6796,0,0.25366780161857605
6797,0,0.25366780161857605
6798,0,0.25366780161857605
6799,0,0.25366780161857605
6800,0,0.25366780161857605
6801,0,0.25366780161857605
6802,0,0.25366780161857605
6803,0,0.25366780161857605
6804,0,0.25366780161857605
6805,0,0.25366780161857605
6806,0,0.25366780161857605
6807,0,0.25366780161857605
6808,0,0.25366780161857605
6809,0,0.25366780161857605
6810,0,0.25366780161857605
6811,0,0.25366780161857605
6812,0,0.25366780161857605
6813,0,0.25366780161857605
6814,0,0.25366780161857605
6815,0,0.25366780161857605
6816,0,0.25366780161857605
6817,0,0.25366780161857605
6818,0,0.25366780161857605
6819,0,0.25366780161857605
6820,0,0.25366780161857605
6821,0,0.25366780161857605
6822,0,0.25366780161857605
6823,0,0.25366780161857605
6824,0,0.25366780161857605
6825,0,0.25366780161857605
6826,0,0.25366780161857605
6827,0,0.25366780161857605
6828,0,0.25366780161857605
6829,0,0.25366780161857605
6830,0,0.25366780161857605
6831,0,0.25366780161857605
6832,0,0.25366780161857605
6833,0,0.25366780161857605
6834,0,0.25366780161857605
6835,0,0.25366780161857605
6836,0,0.25366780161857605
6837,0,0.25366780161857605
6838,0,0.25366780161857605
6839,0,0.25366780161857605
6840,0,0.25366780161857605
6841,0,0.25366780161857605
6842,0,0.25366780161857605
6843,0,0.25366780161857605
6844,0,0.25366780161857605
6845,0,0.25366780161857605
6846,0,0.25366780161857605
6847,0,0.25366780161857605
6848,0,0.25366780161857605
6849,0,0.25366780161857605
6850,0,0.25366780161857605
6851,0,0.25366780161857605
6852,0,0.25366780161857605
6853,0,0.25366780161857605
6854,0,0.25366780161857605
6855,0,0.25366780161857605
6856,0,0.25366780161857605
6857,0,0.25366780161857605
6858,0,0.25366780161857605
6859,0,0.25366780161857605
6860,0,0.25366780161857605
6861,0,0.25366780161857605
6862,0,0.25366780161857605
6863,0,0.25366780161857605
6864,0,0.25366780161857605
6865,0,0.25366780161857605
6866,0,0.25366780161857605
6867,0,0.25366780161857605
6868,0,0.25366780161857605
6869,0,0.25366780161857605
6870,0,0.25366780161857605
6871,0,0.25366780161857605
6872,0,0.25366780161857605
6873,0,0.25366780161857605
6874,0,0.25366780161857605
6875,0,0.25366780161857605
6876,0,0.25366780161857605
6877,0,0.25366780161857605
6878,0,0.25366780161857605
6879,0,0.25366780161857605
6880,0,0.25366780161857605
6881,0,0.25366780161857605
6882,0,0.25366780161857605
6883,0,0.25366780161857605
6884,0,0.25366780161857605
6885,0,0.25366780161857605
6886,0,0.25366780161857605
6887,0,0.25366780161857605
6888,0,0.25366780161857605
6889,0,0.25366780161857605
6890,0,0.25366780161857605
6891,0,0.25366780161857605
6892,0,0.25366780161857605
6893,0,0.25366780161857605
6894,0,0.25366780161857605
6895,0,0.25366780161857605
6896,0,0.25366780161857605
6897,0,0.25366780161857605
6898,0,0.25366780161857605
6899,0,0.25366780161857605
6900,0,0.25366780161857605
6901,0,0.25366780161857605
6902,0,0.25366780161857605
6903,0,0.25366780161857605
6904,0,0.25366780161857605
6905,0,0.25366780161857605
6906,0,0.25366780161857605
6907,0,0.25366780161857605
6908,0,0.25366780161857605
6909,0,0.25366780161857605
6910,0,0.25366780161857605
6911,0,0.25366780161857605
6912,0,0.25366780161857605
6913,0,0.25366780161857605
6914,0,0.25366780161857605
6915,0,0.25366780161857605
6916,0,0.25366780161857605
6917,0,0.25366780161857605
6918,0,0.25366780161857605
6919,0,0.25366780161857605
6920,0,0.25366780161857605
6921,0,0.25366780161857605
6922,0,0.25366780161857605
6923,0,0.25366780161857605
6924,0,0.25366780161857605
6925,0,0.25366780161857605
6926,0,0.25366780161857605
6927,0,0.25366780161857605
6928,0,0.25366780161857605
6929,0,0.25366780161857605
6930,0,0.25366780161857605
6931,0,0.25366780161857605
6932,0,0.25366780161857605
6933,0,0.25366780161857605
6934,0,0.25366780161857605
6935,0,0.25366780161857605
6936,0,0.25366780161857605
6937,0,0.25366780161857605
6938,0,0.25366780161857605
6939,0,0.25366780161857605
6940,0,0.25366780161857605
6941,0,0.25366780161857605
6942,0,0.25366780161857605
6943,0,0.25366780161857605
6944,0,0.25366780161857605
6945,0,0.25366780161857605
6946,0,0.25366780161857605
6947,0,0.25366780161857605
6948,0,0.25366780161857605
6949,0,0.25366780161857605
6950,0,0.25366780161857605
6951,0,0.25366780161857605
6952,0,0.25366780161857605
6953,0,0.25366780161857605
6954,0,0.25366780161857605
6955,0,0.25366780161857605
6956,0,0.25366780161857605
6957,0,0.25366780161857605
6958,0,0.25366780161857605
6959,0,0.25366780161857605
6960,0,0.25366780161857605
6961,0,0.25366780161857605
6962,0,0.25366780161857605
6963,0,0.25366780161857605
6964,0,0.25366780161857605
6965,0,0.25366780161857605
6966,0,0.25366780161857605
6967,0,0.25366780161857605
6968,0,0.25366780161857605
6969,0,0.25366780161857605
6970,0,0.25366780161857605
6971,0,0.25366780161857605
6972,0,0.25366780161857605
6973,0,0.25366780161857605
6974,0,0.25366780161857605
6975,0,0.25366780161857605
6976,0,0.25366780161857605
6977,0,0.25366780161857605
6978,0,0.25366780161857605
6979,0,0.25366780161857605
6980,0,0.25366780161857605
6981,0,0.25366780161857605
6982,0,0.25366780161857605
6983,0,0.25366780161857605
6984,0,0.25366780161857605
6985,0,0.25366780161857605
6986,0,0.25366780161857605
6987,0,0.25366780161857605
6988,0,0.25366780161857605
6989,0,0.25366780161857605
6990,0,0.25366780161857605
6991,0,0.25366780161857605
6992,0,0.25366780161857605
6993,0,0.25366780161857605
6994,0,0.25366780161857605
6995,0,0.25366780161857605
6996,0,0.25366780161857605
6997,0,0.25366780161857605
6998,0,0.25366780161857605
6999,0,0.25366780161857605
7000,0,0.25366780161857605
7001,0,0.25366780161857605
7002,0,0.25366780161857605
7003,0,0.25366780161857605
7004,0,0.25366780161857605
7005,0,0.25366780161857605
7006,0,0.25366780161857605
7007,0,0.25366780161857605
7008,0,0.25366780161857605
7009,0,0.25366780161857605
7010,0,0.25366780161857605
7011,0,0.25366780161857605
7012,0,0.25366780161857605
7013,0,0.25366780161857605
7014,0,0.25366780161857605
7015,0,0.25366780161857605
7016,0,0.25366780161857605
7017,0,0.25366780161857605
7018,0,0.25366780161857605
7019,0,0.25366780161857605
7020,0,0.25366780161857605
7021,0,0.25366780161857605
7022,0,0.25366780161857605
7023,0,0.25366780161857605
7024,0,0.25366780161857605
7025,0,0.25366780161857605
7026,0,0.25366780161857605
7027,0,0.25366780161857605
7028,0,0.25366780161857605
7029,0,0.25366780161857605
7030,0,0.25366780161857605
7031,0,0.25366780161857605
7032,0,0.25366780161857605
7033,0,0.25366780161857605
7034,0,0.25366780161857605
7035,0,0.25366780161857605
7036,0,0.25366780161857605
7037,0,0.25366780161857605
7038,0,0.25366780161857605
7039,0,0.25366780161857605
7040,0,0.25366780161857605
7041,0,0.25366780161857605
7042,0,0.25366780161857605
7043,0,0.25366780161857605
7044,0,0.25366780161857605
7045,0,0.25366780161857605
7046,0,0.25366780161857605
7047,0,0.25366780161857605
7048,0,0.25366780161857605
7049,0,0.25366780161857605
7050,0,0.25366780161857605
7051,0,0.25366780161857605
7052,0,0.25366780161857605
7053,0,0.25366780161857605
7054,0,0.25366780161857605
7055,0,0.25366780161857605
7056,0,0.25366780161857605
7057,0,0.25366780161857605
7058,0,0.25366780161857605
7059,0,0.25366780161857605
7060,0,0.25366780161857605
7061,0,0.25366780161857605
7062,0,0.25366780161857605
7063,0,0.25366780161857605
7064,0,0.25366780161857605
7065,0,0.25366780161857605
7066,0,0.25366780161857605
7067,0,0.25366780161857605
7068,0,0.25366780161857605
7069,0,0.25366780161857605
7070,0,0.25366780161857605
7071,0,0.25366780161857605
7072,0,0.25366780161857605
7073,0,0.25366780161857605
7074,0,0.25366780161857605
7075,0,0.25366780161857605
7076,0,0.25366780161857605
7077,0,0.25366780161857605
7078,0,0.25366780161857605
7079,0,0.25366780161857605
7080,0,0.25366780161857605
7081,0,0.25366780161857605
7082,0,0.25366780161857605
7083,0,0.25366780161857605
7084,0,0.25366780161857605
7085,0,0.25366780161857605
7086,0,0.25366780161857605
7087,0,0.25366780161857605
7088,0,0.25366780161857605
7089,0,0.25366780161857605
7090,0,0.25366780161857605
7091,0,0.25366780161857605
7092,0,0.25366780161857605
7093,0,0.25366780161857605
7094,0,0.25366780161857605
7095,0,0.25366780161857605
7096,0,0.25366780161857605
7097,0,0.25366780161857605
7098,0,0.25366780161857605
7099,0,0.25366780161857605
7100,0,0.25366780161857605
7101,0,0.25366780161857605
7102,0,0.25366780161857605
7103,0,0.25366780161857605
7104,0,0.25366780161857605
7105,0,0.25366780161857605
7106,0,0.25366780161857605
7107,0,0.25366780161857605
7108,0,0.25366780161857605
7109,0,0.25366780161857605
7110,0,0.25366780161857605
7111,0,0.25366780161857605
7112,0,0.25366780161857605
7113,0,0.25366780161857605
7114,0,0.25366780161857605
7115,0,0.25366780161857605
7116,0,0.25366780161857605
7117,0,0.25366780161857605
7118,0,0.25366780161857605
7119,0,0.25366780161857605
7120,0,0.25366780161857605
7121,0,0.25366780161857605
7122,0,0.25366780161857605
7123,0,0.25366780161857605
7124,0,0.25366780161857605
7125,0,0.25366780161857605
7126,0,0.25366780161857605
7127,0,0.25366780161857605
7128,0,0.25366780161857605
7129,0,0.25366780161857605
7130,0,0.25366780161857605
7131,0,0.25366780161857605
7132,0,0.25366780161857605
7133,0,0.25366780161857605
7134,0,0.25366780161857605
7135,0,0.25366780161857605
7136,0,0.25366780161857605
7137,0,0.25366780161857605
7138,0,0.25366780161857605
7139,0,0.25366780161857605
7140,0,0.25366780161857605
7141,0,0.25366780161857605
7142,0,0.25366780161857605
7143,0,0.25366780161857605
7144,0,0.25366780161857605
7145,0,0.25366780161857605
7146,0,0.25366780161857605
7147,0,0.25366780161857605
7148,0,0.25366780161857605
7149,0,0.25366780161857605
7150,0,0.25366780161857605
7151,0,0.25366780161857605
7152,0,0.25366780161857605
7153,0,0.25366780161857605
7154,0,0.25366780161857605
7155,0,0.25366780161857605
7156,0,0.25366780161857605
7157,0,0.25366780161857605
7158,0,0.25366780161857605
7159,0,0.25366780161857605
7160,0,0.25366780161857605
7161,0,0.25366780161857605
7162,0,0.25366780161857605
7163,0,0.25366780161857605
7164,0,0.25366780161857605
7165,0,0.25366780161857605
7166,0,0.25366780161857605
7167,0,0.25366780161857605
7168,0,0.25366780161857605
7169,0,0.25366780161857605
7170,0,0.25366780161857605
7171,0,0.25366780161857605
7172,0,0.25366780161857605
7173,0,0.25366780161857605
7174,0,0.25366780161857605
7175,0,0.25366780161857605
7176,0,0.25366780161857605
7177,0,0.25366780161857605
7178,0,0.25366780161857605
7179,0,0.25366780161857605
7180,0,0.25366780161857605
7181,0,0.25366780161857605
7182,0,0.25366780161857605
7183,0,0.25366780161857605
7184,0,0.25366780161857605
7185,0,0.25366780161857605
7186,0,0.25366780161857605
7187,0,0.25366780161857605
7188,0,0.25366780161857605
7189,0,0.25366780161857605
7190,0,0.25366780161857605
7191,0,0.25366780161857605
7192,0,0.25366780161857605
7193,0,0.25366780161857605
7194,0,0.25366780161857605
7195,0,0.25366780161857605
7196,0,0.25366780161857605
7197,0,0.25366780161857605
7198,0,0.25366780161857605
7199,0,0.25366780161857605
7200,0,0.25366780161857605
7201,0,0.25366780161857605
7202,0,0.25366780161857605
7203,0,0.25366780161857605
7204,0,0.25366780161857605
7205,0,0.25366780161857605
7206,0,0.25366780161857605
7207,0,0.25366780161857605
7208,0,0.25366780161857605
7209,0,0.25366780161857605
7210,0,0.25366780161857605
7211,0,0.25366780161857605
7212,0,0.25366780161857605
7213,0,0.25366780161857605
7214,0,0.25366780161857605
7215,0,0.25366780161857605
7216,0,0.25366780161857605
7217,0,0.25366780161857605
7218,0,0.25366780161857605
7219,0,0.25366780161857605
7220,0,0.25366780161857605
7221,0,0.25366780161857605
7222,0,0.25366780161857605
7223,0,0.25366780161857605
7224,0,0.25366780161857605
7225,0,0.25366780161857605
7226,0,0.25366780161857605
7227,0,0.25366780161857605
7228,0,0.25366780161857605
7229,0,0.25366780161857605
7230,0,0.25366780161857605
7231,0,0.25366780161857605
7232,0,0.25366780161857605
7233,0,0.25366780161857605
7234,0,0.25366780161857605
7235,0,0.25366780161857605
7236,0,0.25366780161857605
7237,0,0.25366780161857605
7238,0,0.25366780161857605
7239,0,0.25366780161857605
7240,0,0.25366780161857605
7241,0,0.25366780161857605
7242,0,0.25366780161857605
7243,0,0.25366780161857605
7244,0,0.25366780161857605
7245,0,0.25366780161857605
7246,0,0.25366780161857605
7247,0,0.25366780161857605
7248,0,0.25366780161857605
7249,0,0.25366780161857605
7250,0,0.25366780161857605
7251,0,0.25366780161857605
7252,0,0.25366780161857605
7253,0,0.25366780161857605
7254,0,0.25366780161857605
7255,0,0.25366780161857605
7256,0,0.25366780161857605
7257,0,0.25366780161857605
7258,0,0.25366780161857605
7259,0,0.25366780161857605
7260,0,0.25366780161857605
7261,0,0.25366780161857605
7262,0,0.25366780161857605
7263,0,0.25366780161857605
7264,0,0.25366780161857605
7265,0,0.25366780161857605
7266,0,0.25366780161857605
7267,0,0.25366780161857605
7268,0,0.25366780161857605
7269,0,0.25366780161857605
7270,0,0.25366780161857605
7271,0,0.25366780161857605
7272,0,0.25366780161857605
7273,0,0.25366780161857605
7274,0,0.25366780161857605
7275,0,0.25366780161857605
7276,0,0.25366780161857605
7277,0,0.25366780161857605
7278,0,0.25366780161857605
7279,0,0.25366780161857605
7280,0,0.25366780161857605
7281,0,0.25366780161857605
7282,0,0.25366780161857605
7283,0,0.25366780161857605
7284,0,0.25366780161857605
7285,0,0.25366780161857605
7286,0,0.25366780161857605
7287,0,0.25366780161857605
7288,0,0.25366780161857605
7289,0,0.25366780161857605
7290,0,0.25366780161857605
7291,0,0.25366780161857605
7292,0,0.25366780161857605
7293,0,0.25366780161857605
7294,0,0.25366780161857605
7295,0,0.25366780161857605
7296,0,0.25366780161857605
7297,0,0.25366780161857605
7298,0,0.25366780161857605
7299,0,0.25366780161857605
7300,0,0.25366780161857605
7301,0,0.25366780161857605
7302,0,0.25366780161857605
7303,0,0.25366780161857605
7304,0,0.25366780161857605
7305,0,0.25366780161857605
7306,0,0.25366780161857605
7307,0,0.25366780161857605
7308,0,0.25366780161857605
7309,0,0.25366780161857605
7310,0,0.25366780161857605
7311,0,0.25366780161857605
7312,0,0.25366780161857605
7313,0,0.25366780161857605
7314,0,0.25366780161857605
7315,0,0.25366780161857605
7316,0,0.25366780161857605
7317,0,0.25366780161857605
7318,0,0.25366780161857605
7319,0,0.25366780161857605
7320,0,0.25366780161857605
7321,0,0.25366780161857605
7322,0,0.25366780161857605
7323,0,0.25366780161857605
7324,0,0.25366780161857605
7325,0,0.25366780161857605
7326,0,0.25366780161857605
7327,0,0.25366780161857605
7328,0,0.25366780161857605
7329,0,0.25366780161857605
7330,0,0.25366780161857605
7331,0,0.25366780161857605
7332,0,0.25366780161857605
7333,0,0.25366780161857605
7334,0,0.25366780161857605
7335,0,0.25366780161857605
7336,0,0.25366780161857605
7337,0,0.25366780161857605
7338,0,0.25366780161857605
7339,0,0.25366780161857605
7340,0,0.25366780161857605
7341,0,0.25366780161857605
7342,0,0.25366780161857605
7343,0,0.25366780161857605
7344,0,0.25366780161857605
7345,0,0.25366780161857605
7346,0,0.25366780161857605
7347,0,0.25366780161857605
7348,0,0.25366780161857605
7349,0,0.25366780161857605
7350,0,0.25366780161857605
7351,0,0.25366780161857605
7352,0,0.25366780161857605
7353,0,0.25366780161857605
7354,0,0.25366780161857605
7355,0,0.25366780161857605
7356,0,0.25366780161857605
7357,0,0.25366780161857605
7358,0,0.25366780161857605
7359,0,0.25366780161857605
7360,0,0.25366780161857605
7361,0,0.25366780161857605
7362,0,0.25366780161857605
7363,0,0.25366780161857605
7364,0,0.25366780161857605
7365,0,0.25366780161857605
7366,0,0.25366780161857605
7367,0,0.25366780161857605
7368,0,0.25366780161857605
7369,0,0.25366780161857605
7370,0,0.25366780161857605
7371,0,0.25366780161857605
7372,0,0.25366780161857605
7373,0,0.25366780161857605
7374,0,0.25366780161857605
7375,0,0.25366780161857605
7376,0,0.25366780161857605
7377,0,0.25366780161857605
7378,0,0.25366780161857605
7379,0,0.25366780161857605
7380,0,0.25366780161857605
7381,0,0.25366780161857605
7382,0,0.25366780161857605
7383,0,0.25366780161857605
7384,0,0.25366780161857605
7385,0,0.25366780161857605
7386,0,0.25366780161857605
7387,0,0.25366780161857605
7388,0,0.25366780161857605
7389,0,0.25366780161857605
7390,0,0.25366780161857605
7391,0,0.25366780161857605
7392,0,0.25366780161857605
7393,0,0.25366780161857605
7394,0,0.25366780161857605
7395,0,0.25366780161857605
7396,0,0.25366780161857605
7397,0,0.25366780161857605
7398,0,0.25366780161857605
7399,0,0.25366780161857605
7400,0,0.25366780161857605
7401,0,0.25366780161857605
7402,0,0.25366780161857605
7403,0,0.25366780161857605
7404,0,0.25366780161857605
7405,0,0.25366780161857605
7406,0,0.25366780161857605
7407,0,0.25366780161857605
7408,0,0.25366780161857605
7409,0,0.25366780161857605
7410,0,0.25366780161857605
7411,0,0.25366780161857605
7412,0,0.25366780161857605
7413,0,0.25366780161857605
7414,0,0.25366780161857605
7415,0,0.25366780161857605
7416,0,0.25366780161857605
7417,0,0.25366780161857605
7418,0,0.25366780161857605
7419,0,0.25366780161857605
7420,0,0.25366780161857605
7421,0,0.25366780161857605
7422,0,0.25366780161857605
7423,0,0.25366780161857605
7424,0,0.25366780161857605
7425,0,0.25366780161857605
7426,0,0.25366780161857605
7427,0,0.25366780161857605
7428,0,0.25366780161857605
7429,0,0.25366780161857605
7430,0,0.25366780161857605
7431,0,0.25366780161857605
7432,0,0.25366780161857605
7433,0,0.25366780161857605
7434,0,0.25366780161857605
7435,0,0.25366780161857605
7436,0,0.25366780161857605
7437,0,0.25366780161857605
7438,0,0.25366780161857605
7439,0,0.25366780161857605
7440,0,0.25366780161857605
7441,0,0.25366780161857605
7442,0,0.25366780161857605
7443,0,0.25366780161857605
7444,0,0.25366780161857605
7445,0,0.25366780161857605
7446,0,0.25366780161857605
7447,0,0.25366780161857605
7448,0,0.25366780161857605
7449,0,0.25366780161857605
7450,0,0.25366780161857605
7451,0,0.25366780161857605
7452,0,0.25366780161857605
7453,0,0.25366780161857605
7454,0,0.25366780161857605
7455,0,0.25366780161857605
7456,0,0.25366780161857605
7457,0,0.25366780161857605
7458,0,0.25366780161857605
7459,0,0.25366780161857605
7460,0,0.25366780161857605
7461,0,0.25366780161857605
7462,0,0.25366780161857605
7463,0,0.25366780161857605
7464,0,0.25366780161857605
7465,0,0.25366780161857605
7466,0,0.25366780161857605
7467,0,0.25366780161857605
7468,0,0.25366780161857605
7469,0,0.25366780161857605
7470,0,0.25366780161857605
7471,0,0.25366780161857605
7472,0,0.25366780161857605
7473,0,0.25366780161857605
7474,0,0.25366780161857605
7475,0,0.25366780161857605
7476,0,0.25366780161857605
7477,0,0.25366780161857605
7478,0,0.25366780161857605
7479,0,0.25366780161857605
7480,0,0.25366780161857605
7481,0,0.25366780161857605
7482,0,0.25366780161857605
7483,0,0.25366780161857605
7484,0,0.25366780161857605
7485,0,0.25366780161857605
7486,0,0.25366780161857605
7487,0,0.25366780161857605
7488,0,0.25366780161857605
7489,0,0.25366780161857605
7490,0,0.25366780161857605
7491,0,0.25366780161857605
7492,0,0.25366780161857605
7493,0,0.25366780161857605
7494,0,0.25366780161857605
7495,0,0.25366780161857605
7496,0,0.25366780161857605
7497,0,0.25366780161857605
7498,0,0.25366780161857605
7499,0,0.25366780161857605
7500,0,0.25366780161857605
7501,0,0.25366780161857605
7502,0,0.25366780161857605
7503,0,0.25366780161857605
7504,0,0.25366780161857605
7505,0,0.25366780161857605
7506,0,0.25366780161857605
7507,0,0.25366780161857605
7508,0,0.25366780161857605
7509,0,0.25366780161857605
7510,0,0.25366780161857605
7511,0,0.25366780161857605
7512,0,0.25366780161857605
7513,0,0.25366780161857605
7514,0,0.25366780161857605
7515,0,0.25366780161857605
7516,0,0.25366780161857605
7517,0,0.25366780161857605
7518,0,0.25366780161857605
7519,0,0.25366780161857605
7520,0,0.25366780161857605
7521,0,0.25366780161857605
7522,0,0.25366780161857605
7523,0,0.25366780161857605
7524,0,0.25366780161857605
7525,0,0.25366780161857605
7526,0,0.25366780161857605
7527,0,0.25366780161857605
7528,0,0.25366780161857605
7529,0,0.25366780161857605
7530,0,0.25366780161857605
7531,0,0.25366780161857605
7532,0,0.25366780161857605
7533,0,0.25366780161857605
7534,0,0.25366780161857605
7535,0,0.25366780161857605
7536,0,0.25366780161857605
7537,0,0.25366780161857605
7538,0,0.25366780161857605
7539,0,0.25366780161857605
7540,0,0.25366780161857605
7541,0,0.25366780161857605
7542,0,0.25366780161857605
7543,0,0.25366780161857605
7544,0,0.25366780161857605
7545,0,0.25366780161857605
7546,0,0.25366780161857605
7547,0,0.25366780161857605
7548,0,0.25366780161857605
7549,0,0.25366780161857605
7550,0,0.25366780161857605
7551,0,0.25366780161857605
7552,0,0.25366780161857605
7553,0,0.25366780161857605
7554,0,0.25366780161857605
7555,0,0.25366780161857605
7556,0,0.25366780161857605
7557,0,0.25366780161857605
7558,0,0.25366780161857605
7559,0,0.25366780161857605
7560,0,0.25366780161857605
7561,0,0.25366780161857605
7562,0,0.25366780161857605
7563,0,0.25366780161857605
7564,0,0.25366780161857605
7565,0,0.25366780161857605
7566,0,0.25366780161857605
7567,0,0.25366780161857605
7568,0,0.25366780161857605
7569,0,0.25366780161857605
7570,0,0.25366780161857605
7571,0,0.25366780161857605
7572,0,0.25366780161857605
7573,0,0.25366780161857605
7574,0,0.25366780161857605
7575,0,0.25366780161857605
7576,0,0.25366780161857605
7577,0,0.25366780161857605
7578,0,0.25366780161857605
7579,0,0.25366780161857605
7580,0,0.25366780161857605
7581,0,0.25366780161857605
7582,0,0.25366780161857605
7583,0,0.25366780161857605
7584,0,0.25366780161857605
7585,0,0.25366780161857605
7586,0,0.25366780161857605
7587,0,0.25366780161857605
7588,0,0.25366780161857605
7589,0,0.25366780161857605
7590,0,0.25366780161857605
7591,0,0.25366780161857605
7592,0,0.25366780161857605
7593,0,0.25366780161857605
7594,0,0.25366780161857605
7595,0,0.25366780161857605
7596,0,0.25366780161857605
7597,0,0.25366780161857605
7598,0,0.25366780161857605
7599,0,0.25366780161857605
7600,0,0.25366780161857605
7601,0,0.25366780161857605
7602,0,0.25366780161857605
7603,0,0.25366780161857605
7604,0,0.25366780161857605
7605,0,0.25366780161857605
7606,0,0.25366780161857605
7607,0,0.25366780161857605
7608,0,0.25366780161857605
7609,0,0.25366780161857605
7610,0,0.25366780161857605
7611,0,0.25366780161857605
7612,0,0.25366780161857605
7613,0,0.25366780161857605
7614,0,0.25366780161857605
7615,0,0.25366780161857605
7616,0,0.25366780161857605
7617,0,0.25366780161857605
7618,0,0.25366780161857605
7619,0,0.25366780161857605
7620,0,0.25366780161857605
7621,0,0.25366780161857605
7622,0,0.25366780161857605
7623,0,0.25366780161857605
7624,0,0.25366780161857605
7625,0,0.25366780161857605
7626,0,0.25366780161857605
7627,0,0.25366780161857605
7628,0,0.25366780161857605
7629,0,0.25366780161857605
7630,0,0.25366780161857605
7631,0,0.25366780161857605
7632,0,0.25366780161857605
7633,0,0.25366780161857605
7634,0,0.25366780161857605
7635,0,0.25366780161857605
7636,0,0.25366780161857605
7637,0,0.25366780161857605
7638,0,0.25366780161857605
7639,0,0.25366780161857605
7640,0,0.25366780161857605
7641,0,0.25366780161857605
7642,0,0.25366780161857605
7643,0,0.25366780161857605
7644,0,0.25366780161857605
7645,0,0.25366780161857605
7646,0,0.25366780161857605
7647,0,0.25366780161857605
7648,0,0.25366780161857605
7649,0,0.25366780161857605
7650,0,0.25366780161857605
7651,0,0.25366780161857605
7652,0,0.25366780161857605
7653,0,0.25366780161857605
7654,0,0.25366780161857605
7655,0,0.25366780161857605
7656,0,0.25366780161857605
7657,0,0.25366780161857605
7658,0,0.25366780161857605
7659,0,0.25366780161857605
7660,0,0.25366780161857605
7661,0,0.25366780161857605
7662,0,0.25366780161857605
7663,0,0.25366780161857605
7664,0,0.25366780161857605
7665,0,0.25366780161857605
7666,0,0.25366780161857605
7667,0,0.25366780161857605
7668,0,0.25366780161857605
7669,0,0.25366780161857605
7670,0,0.25366780161857605
7671,0,0.25366780161857605
7672,0,0.25366780161857605
7673,0,0.25366780161857605
7674,0,0.25366780161857605
7675,0,0.25366780161857605
7676,0,0.25366780161857605
7677,0,0.25366780161857605
7678,0,0.25366780161857605
7679,0,0.25366780161857605
7680,0,0.25366780161857605
7681,0,0.25366780161857605
7682,0,0.25366780161857605
7683,0,0.25366780161857605
7684,0,0.25366780161857605
7685,0,0.25366780161857605
7686,0,0.25366780161857605
7687,0,0.25366780161857605
7688,0,0.25366780161857605
7689,0,0.25366780161857605
7690,0,0.25366780161857605
7691,0,0.25366780161857605
7692,0,0.25366780161857605
7693,0,0.25366780161857605
7694,0,0.25366780161857605
7695,0,0.25366780161857605
7696,0,0.25366780161857605
7697,0,0.25366780161857605
7698,0,0.25366780161857605
7699,0,0.25366780161857605
7700,0,0.25366780161857605
7701,0,0.25366780161857605
7702,0,0.25366780161857605
7703,0,0.25366780161857605
7704,0,0.25366780161857605
7705,0,0.25366780161857605
7706,0,0.25366780161857605
7707,0,0.25366780161857605
7708,0,0.25366780161857605
7709,0,0.25366780161857605
7710,0,0.25366780161857605
7711,0,0.25366780161857605
7712,0,0.25366780161857605
7713,0,0.25366780161857605
7714,0,0.25366780161857605
7715,0,0.25366780161857605
7716,0,0.25366780161857605
7717,0,0.25366780161857605
7718,0,0.25366780161857605
7719,0,0.25366780161857605
7720,0,0.25366780161857605
7721,0,0.25366780161857605
7722,0,0.25366780161857605
7723,0,0.25366780161857605
7724,0,0.25366780161857605
7725,0,0.25366780161857605
7726,0,0.25366780161857605
7727,0,0.25366780161857605
7728,0,0.25366780161857605
7729,0,0.25366780161857605
7730,0,0.25366780161857605
7731,0,0.25366780161857605
7732,0,0.25366780161857605
7733,0,0.25366780161857605
7734,0,0.25366780161857605
7735,0,0.25366780161857605
7736,0,0.25366780161857605
7737,0,0.25366780161857605
7738,0,0.25366780161857605
7739,0,0.25366780161857605
7740,0,0.25366780161857605
7741,0,0.25366780161857605
7742,0,0.25366780161857605
7743,0,0.25366780161857605
7744,0,0.25366780161857605
7745,0,0.25366780161857605
7746,0,0.25366780161857605
7747,0,0.25366780161857605
7748,0,0.25366780161857605
7749,0,0.25366780161857605
7750,0,0.25366780161857605
7751,0,0.25366780161857605
7752,0,0.25366780161857605
7753,0,0.25366780161857605
7754,0,0.25366780161857605
7755,0,0.25366780161857605
7756,0,0.25366780161857605
7757,0,0.25366780161857605
7758,0,0.25366780161857605
7759,0,0.25366780161857605
7760,0,0.25366780161857605
7761,0,0.25366780161857605
7762,0,0.25366780161857605
7763,0,0.25366780161857605
7764,0,0.25366780161857605
7765,0,0.25366780161857605
7766,0,0.25366780161857605
7767,0,0.25366780161857605
7768,0,0.25366780161857605
7769,0,0.25366780161857605
7770,0,0.25366780161857605
7771,0,0.25366780161857605
7772,0,0.25366780161857605
7773,0,0.25366780161857605
7774,0,0.25366780161857605
7775,0,0.25366780161857605
7776,0,0.25366780161857605
7777,0,0.25366780161857605
7778,0,0.25366780161857605
7779,0,0.25366780161857605
7780,0,0.25366780161857605
7781,0,0.25366780161857605
7782,0,0.25366780161857605
7783,0,0.25366780161857605
7784,0,0.25366780161857605
7785,0,0.25366780161857605
7786,0,0.25366780161857605
7787,0,0.25366780161857605
7788,0,0.25366780161857605
7789,0,0.25366780161857605
7790,0,0.25366780161857605
7791,0,0.25366780161857605
7792,0,0.25366780161857605
7793,0,0.25366780161857605
7794,0,0.25366780161857605
7795,0,0.25366780161857605
7796,0,0.25366780161857605
7797,0,0.25366780161857605
7798,0,0.25366780161857605
7799,0,0.25366780161857605
7800,0,0.25366780161857605
7801,0,0.25366780161857605
7802,0,0.25366780161857605
7803,0,0.25366780161857605
7804,0,0.25366780161857605
7805,0,0.25366780161857605
7806,0,0.25366780161857605
7807,0,0.25366780161857605
7808,0,0.25366780161857605
7809,0,0.25366780161857605
7810,0,0.25366780161857605
7811,0,0.25366780161857605
7812,0,0.25366780161857605
7813,0,0.25366780161857605
7814,0,0.25366780161857605
7815,0,0.25366780161857605
7816,0,0.25366780161857605
7817,0,0.25366780161857605
7818,0,0.25366780161857605
7819,0,0.25366780161857605
7820,0,0.25366780161857605
7821,0,0.25366780161857605
7822,0,0.25366780161857605
7823,0,0.25366780161857605
7824,0,0.25366780161857605
7825,0,0.25366780161857605
7826,0,0.25366780161857605
7827,0,0.25366780161857605
7828,0,0.25366780161857605
7829,0,0.25366780161857605
7830,0,0.25366780161857605
7831,0,0.25366780161857605
7832,0,0.25366780161857605
7833,0,0.25366780161857605
7834,0,0.25366780161857605
7835,0,0.25366780161857605
7836,0,0.25366780161857605
7837,0,0.25366780161857605
7838,0,0.25366780161857605
7839,0,0.25366780161857605
7840,0,0.25366780161857605
7841,0,0.25366780161857605
7842,0,0.25366780161857605
7843,0,0.25366780161857605
7844,0,0.25366780161857605
7845,0,0.25366780161857605
7846,0,0.25366780161857605
7847,0,0.25366780161857605
7848,0,0.25366780161857605
7849,0,0.25366780161857605
7850,0,0.25366780161857605
7851,0,0.25366780161857605
7852,0,0.25366780161857605
7853,0,0.25366780161857605
7854,0,0.25366780161857605
7855,0,0.25366780161857605
7856,0,0.25366780161857605
7857,0,0.25366780161857605
7858,0,0.25366780161857605
7859,0,0.25366780161857605
7860,0,0.25366780161857605
7861,0,0.25366780161857605
7862,0,0.25366780161857605
7863,0,0.25366780161857605
7864,0,0.25366780161857605
7865,0,0.25366780161857605
7866,0,0.25366780161857605
7867,0,0.25366780161857605
7868,0,0.25366780161857605
7869,0,0.25366780161857605
7870,0,0.25366780161857605
7871,0,0.25366780161857605
7872,0,0.25366780161857605
7873,0,0.25366780161857605
7874,0,0.25366780161857605
7875,0,0.25366780161857605
7876,0,0.25366780161857605
7877,0,0.25366780161857605
7878,0,0.25366780161857605
7879,0,0.25366780161857605
7880,0,0.25366780161857605
7881,0,0.25366780161857605
7882,0,0.25366780161857605
7883,0,0.25366780161857605
7884,0,0.25366780161857605
7885,0,0.25366780161857605
7886,0,0.25366780161857605
7887,0,0.25366780161857605
7888,0,0.25366780161857605
7889,0,0.25366780161857605
7890,0,0.25366780161857605
7891,0,0.25366780161857605
7892,0,0.25366780161857605
7893,0,0.25366780161857605
7894,0,0.25366780161857605
7895,0,0.25366780161857605
7896,0,0.25366780161857605
7897,0,0.25366780161857605
7898,0,0.25366780161857605
7899,0,0.25366780161857605
7900,0,0.25366780161857605
7901,0,0.25366780161857605
7902,0,0.25366780161857605
7903,0,0.25366780161857605
7904,0,0.25366780161857605
7905,0,0.25366780161857605
7906,0,0.25366780161857605
7907,0,0.25366780161857605
7908,0,0.25366780161857605
7909,0,0.25366780161857605
7910,0,0.25366780161857605
7911,0,0.25366780161857605
7912,0,0.25366780161857605
7913,0,0.25366780161857605
7914,0,0.25366780161857605
7915,0,0.25366780161857605
7916,0,0.25366780161857605
7917,0,0.25366780161857605
7918,0,0.25366780161857605
7919,0,0.25366780161857605
7920,0,0.25366780161857605
7921,0,0.25366780161857605
7922,0,0.25366780161857605
7923,0,0.25366780161857605
7924,0,0.25366780161857605
7925,0,0.25366780161857605
7926,0,0.25366780161857605
7927,0,0.25366780161857605
7928,0,0.25366780161857605
7929,0,0.25366780161857605
7930,0,0.25366780161857605
7931,0,0.25366780161857605
7932,0,0.25366780161857605
7933,0,0.25366780161857605
7934,0,0.25366780161857605
7935,0,0.25366780161857605
7936,0,0.25366780161857605
7937,0,0.25366780161857605
7938,0,0.25366780161857605
7939,0,0.25366780161857605
7940,0,0.25366780161857605
7941,0,0.25366780161857605
7942,0,0.25366780161857605
7943,0,0.25366780161857605
7944,0,0.25366780161857605
7945,0,0.25366780161857605
7946,0,0.25366780161857605
7947,0,0.25366780161857605
7948,0,0.25366780161857605
7949,0,0.25366780161857605
7950,0,0.25366780161857605
7951,0,0.25366780161857605
7952,0,0.25366780161857605
7953,0,0.25366780161857605
7954,0,0.25366780161857605
7955,0,0.25366780161857605
7956,0,0.25366780161857605
7957,0,0.25366780161857605
7958,0,0.25366780161857605
7959,0,0.25366780161857605
7960,0,0.25366780161857605
7961,0,0.25366780161857605
7962,0,0.25366780161857605
7963,0,0.25366780161857605
7964,0,0.25366780161857605
7965,0,0.25366780161857605
7966,0,0.25366780161857605
7967,0,0.25366780161857605
7968,0,0.25366780161857605
7969,0,0.25366780161857605
7970,0,0.25366780161857605
7971,0,0.25366780161857605
7972,0,0.25366780161857605
7973,0,0.25366780161857605
7974,0,0.25366780161857605
7975,0,0.25366780161857605
7976,0,0.25366780161857605
7977,0,0.25366780161857605
7978,0,0.25366780161857605
7979,0,0.25366780161857605
7980,0,0.25366780161857605
7981,0,0.25366780161857605
7982,0,0.25366780161857605
7983,0,0.25366780161857605
7984,0,0.25366780161857605
7985,0,0.25366780161857605
7986,0,0.25366780161857605
7987,0,0.25366780161857605
7988,0,0.25366780161857605
7989,0,0.25366780161857605
7990,0,0.25366780161857605
7991,0,0.25366780161857605
7992,0,0.25366780161857605
7993,0,0.25366780161857605
7994,0,0.25366780161857605
7995,0,0.25366780161857605
7996,0,0.25366780161857605
7997,0,0.25366780161857605
7998,0,0.25366780161857605
7999,0,0.25366780161857605
8000,0,0.25366780161857605
8001,0,0.25366780161857605
8002,0,0.25366780161857605
8003,0,0.25366780161857605
8004,0,0.25366780161857605
8005,0,0.25366780161857605
8006,0,0.25366780161857605
8007,0,0.25366780161857605
8008,0,0.25366780161857605
8009,0,0.25366780161857605
8010,0,0.25366780161857605
8011,0,0.25366780161857605
8012,0,0.25366780161857605
8013,0,0.25366780161857605
8014,0,0.25366780161857605
8015,0,0.25366780161857605
8016,0,0.25366780161857605
8017,0,0.25366780161857605
8018,0,0.25366780161857605
8019,0,0.25366780161857605
8020,0,0.25366780161857605
8021,0,0.25366780161857605
8022,0,0.25366780161857605
8023,0,0.25366780161857605
8024,0,0.25366780161857605
8025,0,0.25366780161857605
8026,0,0.25366780161857605
8027,0,0.25366780161857605
8028,0,0.25366780161857605
8029,0,0.25366780161857605
8030,0,0.25366780161857605
8031,0,0.25366780161857605
8032,0,0.25366780161857605
8033,0,0.25366780161857605
8034,0,0.25366780161857605
8035,0,0.25366780161857605
8036,0,0.25366780161857605
8037,0,0.25366780161857605
8038,0,0.25366780161857605
8039,0,0.25366780161857605
8040,0,0.25366780161857605
8041,0,0.25366780161857605
8042,0,0.25366780161857605
8043,0,0.25366780161857605
8044,0,0.25366780161857605
8045,0,0.25366780161857605
8046,0,0.25366780161857605
8047,0,0.25366780161857605
8048,0,0.25366780161857605
8049,0,0.25366780161857605
8050,0,0.25366780161857605
8051,0,0.25366780161857605
8052,0,0.25366780161857605
8053,0,0.25366780161857605
8054,0,0.25366780161857605
8055,0,0.25366780161857605
8056,0,0.25366780161857605
8057,0,0.25366780161857605
8058,0,0.25366780161857605
8059,0,0.25366780161857605
8060,0,0.25366780161857605
8061,0,0.25366780161857605
8062,0,0.25366780161857605
8063,0,0.25366780161857605
8064,0,0.25366780161857605
8065,0,0.25366780161857605
8066,0,0.25366780161857605
8067,0,0.25366780161857605
8068,0,0.25366780161857605
8069,0,0.25366780161857605
8070,0,0.25366780161857605
8071,0,0.25366780161857605
8072,0,0.25366780161857605
8073,0,0.25366780161857605
8074,0,0.25366780161857605
8075,0,0.25366780161857605
8076,0,0.25366780161857605
8077,0,0.25366780161857605
8078,0,0.25366780161857605
8079,0,0.25366780161857605
8080,0,0.25366780161857605
8081,0,0.25366780161857605
8082,0,0.25366780161857605
8083,0,0.25366780161857605
8084,0,0.25366780161857605
8085,0,0.25366780161857605
8086,0,0.25366780161857605
8087,0,0.25366780161857605
8088,0,0.25366780161857605
8089,0,0.25366780161857605
8090,0,0.25366780161857605
8091,0,0.25366780161857605
8092,0,0.25366780161857605
8093,0,0.25366780161857605
8094,0,0.25366780161857605
8095,0,0.25366780161857605
8096,0,0.25366780161857605
8097,0,0.25366780161857605
8098,0,0.25366780161857605
8099,0,0.25366780161857605
8100,0,0.25366780161857605
8101,0,0.25366780161857605
8102,0,0.25366780161857605
8103,0,0.25366780161857605
8104,0,0.25366780161857605
8105,0,0.25366780161857605
8106,0,0.25366780161857605
8107,0,0.25366780161857605
8108,0,0.25366780161857605
8109,0,0.25366780161857605
8110,0,0.25366780161857605
8111,0,0.25366780161857605
8112,0,0.25366780161857605
8113,0,0.25366780161857605
8114,0,0.25366780161857605
8115,0,0.25366780161857605
8116,0,0.25366780161857605
8117,0,0.25366780161857605
8118,0,0.25366780161857605
8119,0,0.25366780161857605
8120,0,0.25366780161857605
8121,0,0.25366780161857605
8122,0,0.25366780161857605
8123,0,0.25366780161857605
8124,0,0.25366780161857605
8125,0,0.25366780161857605
8126,0,0.25366780161857605
8127,0,0.25366780161857605
8128,0,0.25366780161857605
8129,0,0.25366780161857605
8130,0,0.25366780161857605
8131,0,0.25366780161857605
8132,0,0.25366780161857605
8133,0,0.25366780161857605
8134,0,0.25366780161857605
8135,0,0.25366780161857605
8136,0,0.25366780161857605
8137,0,0.25366780161857605
8138,0,0.25366780161857605
8139,0,0.25366780161857605
8140,0,0.25366780161857605
8141,0,0.25366780161857605
8142,0,0.25366780161857605
8143,0,0.25366780161857605
8144,0,0.25366780161857605
8145,0,0.25366780161857605
8146,0,0.25366780161857605
8147,0,0.25366780161857605
8148,0,0.25366780161857605
8149,0,0.25366780161857605
8150,0,0.25366780161857605
8151,0,0.25366780161857605
8152,0,0.25366780161857605
8153,0,0.25366780161857605
8154,0,0.25366780161857605
8155,0,0.25366780161857605
8156,0,0.25366780161857605
8157,0,0.25366780161857605
8158,0,0.25366780161857605
8159,0,0.25366780161857605
8160,0,0.25366780161857605
8161,0,0.25366780161857605
8162,0,0.25366780161857605
8163,0,0.25366780161857605
8164,0,0.25366780161857605
8165,0,0.25366780161857605
8166,0,0.25366780161857605
8167,0,0.25366780161857605
8168,0,0.25366780161857605
8169,0,0.25366780161857605
8170,0,0.25366780161857605
8171,0,0.25366780161857605
8172,0,0.25366780161857605
8173,0,0.25366780161857605
8174,0,0.25366780161857605
8175,0,0.25366780161857605
8176,0,0.25366780161857605
8177,0,0.25366780161857605
8178,0,0.25366780161857605
8179,0,0.25366780161857605
8180,0,0.25366780161857605
8181,0,0.25366780161857605
8182,0,0.25366780161857605
8183,0,0.25366780161857605
8184,0,0.25366780161857605
8185,0,0.25366780161857605
8186,0,0.25366780161857605
8187,0,0.25366780161857605
8188,0,0.25366780161857605
8189,0,0.25366780161857605
8190,0,0.25366780161857605
8191,0,0.25366780161857605
8192,0,0.25366780161857605
8193,0,0.25366780161857605
8194,0,0.25366780161857605
8195,0,0.25366780161857605
8196,0,0.25366780161857605
8197,0,0.25366780161857605
8198,0,0.25366780161857605
8199,0,0.25366780161857605
8200,0,0.25366780161857605
8201,0,0.25366780161857605
8202,0,0.25366780161857605
8203,0,0.25366780161857605
8204,0,0.25366780161857605
8205,0,0.25366780161857605
8206,0,0.25366780161857605
8207,0,0.25366780161857605
8208,0,0.25366780161857605
8209,0,0.25366780161857605
8210,0,0.25366780161857605
8211,0,0.25366780161857605
8212,0,0.25366780161857605
8213,0,0.25366780161857605
8214,0,0.25366780161857605
8215,0,0.25366780161857605
8216,0,0.25366780161857605
8217,0,0.25366780161857605
8218,0,0.25366780161857605
8219,0,0.25366780161857605
8220,0,0.25366780161857605
8221,0,0.25366780161857605
8222,0,0.25366780161857605
8223,0,0.25366780161857605
8224,0,0.25366780161857605
8225,0,0.25366780161857605
8226,0,0.25366780161857605
8227,0,0.25366780161857605
8228,0,0.25366780161857605
8229,0,0.25366780161857605
8230,0,0.25366780161857605
8231,0,0.25366780161857605
8232,0,0.25366780161857605
8233,0,0.25366780161857605
8234,0,0.25366780161857605
8235,0,0.25366780161857605
8236,0,0.25366780161857605
8237,0,0.25366780161857605
8238,0,0.25366780161857605
8239,0,0.25366780161857605
8240,0,0.25366780161857605
8241,0,0.25366780161857605
8242,0,0.25366780161857605
8243,0,0.25366780161857605
8244,0,0.25366780161857605
8245,0,0.25366780161857605
8246,0,0.25366780161857605
8247,0,0.25366780161857605
8248,0,0.25366780161857605
8249,0,0.25366780161857605
8250,0,0.25366780161857605
8251,0,0.25366780161857605
8252,0,0.25366780161857605
8253,0,0.25366780161857605
8254,0,0.25366780161857605
8255,0,0.25366780161857605
8256,0,0.25366780161857605
8257,0,0.25366780161857605
8258,0,0.25366780161857605
8259,0,0.25366780161857605
8260,0,0.25366780161857605
8261,0,0.25366780161857605
8262,0,0.25366780161857605
8263,0,0.25366780161857605
8264,0,0.25366780161857605
8265,0,0.25366780161857605
8266,0,0.25366780161857605
8267,0,0.25366780161857605
8268,0,0.25366780161857605
8269,0,0.25366780161857605
8270,0,0.25366780161857605
8271,0,0.25366780161857605
8272,0,0.25366780161857605
8273,0,0.25366780161857605
8274,0,0.25366780161857605
8275,0,0.25366780161857605
8276,0,0.25366780161857605
8277,0,0.25366780161857605
8278,0,0.25366780161857605
8279,0,0.25366780161857605
8280,0,0.25366780161857605
8281,0,0.25366780161857605
8282,0,0.25366780161857605
8283,0,0.25366780161857605
8284,0,0.25366780161857605
8285,0,0.25366780161857605
8286,0,0.25366780161857605
8287,0,0.25366780161857605
8288,0,0.25366780161857605
8289,0,0.25366780161857605
8290,0,0.25366780161857605
8291,0,0.25366780161857605
8292,0,0.25366780161857605
8293,0,0.25366780161857605
8294,0,0.25366780161857605
8295,0,0.25366780161857605
8296,0,0.25366780161857605
8297,0,0.25366780161857605
8298,0,0.25366780161857605
8299,0,0.25366780161857605
8300,0,0.25366780161857605
8301,0,0.25366780161857605
8302,0,0.25366780161857605
8303,0,0.25366780161857605
8304,0,0.25366780161857605
8305,0,0.25366780161857605
8306,0,0.25366780161857605
8307,0,0.25366780161857605
8308,0,0.25366780161857605
8309,0,0.25366780161857605
8310,0,0.25366780161857605
8311,0,0.25366780161857605
8312,0,0.25366780161857605
8313,0,0.25366780161857605
8314,0,0.25366780161857605
8315,0,0.25366780161857605
8316,0,0.25366780161857605
8317,0,0.25366780161857605
8318,0,0.25366780161857605
8319,0,0.25366780161857605
8320,0,0.25366780161857605
8321,0,0.25366780161857605
8322,0,0.25366780161857605
8323,0,0.25366780161857605
8324,0,0.25366780161857605
8325,0,0.25366780161857605
8326,0,0.25366780161857605
8327,0,0.25366780161857605
8328,0,0.25366780161857605
8329,0,0.25366780161857605
8330,0,0.25366780161857605
8331,0,0.25366780161857605
8332,0,0.25366780161857605
8333,0,0.25366780161857605
8334,0,0.25366780161857605
8335,0,0.25366780161857605
8336,0,0.25366780161857605
8337,0,0.25366780161857605
8338,0,0.25366780161857605
8339,0,0.25366780161857605
8340,0,0.25366780161857605
8341,0,0.25366780161857605
8342,0,0.25366780161857605
8343,0,0.25366780161857605
8344,0,0.25366780161857605
8345,0,0.25366780161857605
8346,0,0.25366780161857605
8347,0,0.25366780161857605
8348,0,0.25366780161857605
8349,0,0.25366780161857605
8350,0,0.25366780161857605
8351,0,0.25366780161857605
8352,0,0.25366780161857605
8353,0,0.25366780161857605
8354,0,0.25366780161857605
8355,0,0.25366780161857605
8356,0,0.25366780161857605
8357,0,0.25366780161857605
8358,0,0.25366780161857605
8359,0,0.25366780161857605
8360,0,0.25366780161857605
8361,0,0.25366780161857605
8362,0,0.25366780161857605
8363,0,0.25366780161857605
8364,0,0.25366780161857605
8365,0,0.25366780161857605
8366,0,0.25366780161857605
8367,0,0.25366780161857605
8368,0,0.25366780161857605
8369,0,0.25366780161857605
8370,0,0.25366780161857605
8371,0,0.25366780161857605
8372,0,0.25366780161857605
8373,0,0.25366780161857605
8374,0,0.25366780161857605
8375,0,0.25366780161857605
8376,0,0.25366780161857605
8377,0,0.25366780161857605
8378,0,0.25366780161857605
8379,0,0.25366780161857605
8380,0,0.25366780161857605
8381,0,0.25366780161857605
8382,0,0.25366780161857605
8383,0,0.25366780161857605
8384,0,0.25366780161857605
8385,0,0.25366780161857605
8386,0,0.25366780161857605
8387,0,0.25366780161857605
8388,0,0.25366780161857605
8389,0,0.25366780161857605
8390,0,0.25366780161857605
8391,0,0.25366780161857605
8392,0,0.25366780161857605
8393,0,0.25366780161857605
8394,0,0.25366780161857605
8395,0,0.25366780161857605
8396,0,0.25366780161857605
8397,0,0.25366780161857605
8398,0,0.25366780161857605
8399,0,0.25366780161857605
8400,0,0.25366780161857605
8401,0,0.25366780161857605
8402,0,0.25366780161857605
8403,0,0.25366780161857605
8404,0,0.25366780161857605
8405,0,0.25366780161857605
8406,0,0.25366780161857605
8407,0,0.25366780161857605
8408,0,0.25366780161857605
8409,0,0.25366780161857605
8410,0,0.25366780161857605
8411,0,0.25366780161857605
8412,0,0.25366780161857605
8413,0,0.25366780161857605
8414,0,0.25366780161857605
8415,0,0.25366780161857605
8416,0,0.25366780161857605
8417,0,0.25366780161857605
8418,0,0.25366780161857605
8419,0,0.25366780161857605
8420,0,0.25366780161857605
8421,0,0.25366780161857605
8422,0,0.25366780161857605
8423,0,0.25366780161857605
8424,0,0.25366780161857605
8425,0,0.25366780161857605
8426,0,0.25366780161857605
8427,0,0.25366780161857605
8428,0,0.25366780161857605
8429,0,0.25366780161857605
8430,0,0.25366780161857605
8431,0,0.25366780161857605
8432,0,0.25366780161857605
8433,0,0.25366780161857605
8434,0,0.25366780161857605
8435,0,0.25366780161857605
8436,0,0.25366780161857605
8437,0,0.25366780161857605
8438,0,0.25366780161857605
8439,0,0.25366780161857605
8440,0,0.25366780161857605
8441,0,0.25366780161857605
8442,0,0.25366780161857605
8443,0,0.25366780161857605
8444,0,0.25366780161857605
8445,0,0.25366780161857605
8446,0,0.25366780161857605
8447,0,0.25366780161857605
8448,0,0.25366780161857605
8449,0,0.25366780161857605
8450,0,0.25366780161857605
8451,0,0.25366780161857605
8452,0,0.25366780161857605
8453,0,0.25366780161857605
8454,0,0.25366780161857605
8455,0,0.25366780161857605
8456,0,0.25366780161857605
8457,0,0.25366780161857605
8458,0,0.25366780161857605
8459,0,0.25366780161857605
8460,0,0.25366780161857605
8461,0,0.25366780161857605
8462,0,0.25366780161857605
8463,0,0.25366780161857605
8464,0,0.25366780161857605
8465,0,0.25366780161857605
8466,0,0.25366780161857605
8467,0,0.25366780161857605
8468,0,0.25366780161857605
8469,0,0.25366780161857605
8470,0,0.25366780161857605
8471,0,0.25366780161857605
8472,0,0.25366780161857605
8473,0,0.25366780161857605
8474,0,0.25366780161857605
8475,0,0.25366780161857605
8476,0,0.25366780161857605
8477,0,0.25366780161857605
8478,0,0.25366780161857605
8479,0,0.25366780161857605
8480,0,0.25366780161857605
8481,0,0.25366780161857605
8482,0,0.25366780161857605
8483,0,0.25366780161857605
8484,0,0.25366780161857605
8485,0,0.25366780161857605
8486,0,0.25366780161857605
8487,0,0.25366780161857605
8488,0,0.25366780161857605
8489,0,0.25366780161857605
8490,0,0.25366780161857605
8491,0,0.25366780161857605
8492,0,0.25366780161857605
8493,0,0.25366780161857605
8494,0,0.25366780161857605
8495,0,0.25366780161857605
8496,0,0.25366780161857605
8497,0,0.25366780161857605
8498,0,0.25366780161857605
8499,0,0.25366780161857605
8500,0,0.25366780161857605
8501,0,0.25366780161857605
8502,0,0.25366780161857605
8503,0,0.25366780161857605
8504,0,0.25366780161857605
8505,0,0.25366780161857605
8506,0,0.25366780161857605
8507,0,0.25366780161857605
8508,0,0.25366780161857605
8509,0,0.25366780161857605
8510,0,0.25366780161857605
8511,0,0.25366780161857605
8512,0,0.25366780161857605
8513,0,0.25366780161857605
8514,0,0.25366780161857605
8515,0,0.25366780161857605
8516,0,0.25366780161857605
8517,0,0.25366780161857605
8518,0,0.25366780161857605
8519,0,0.25366780161857605
8520,0,0.25366780161857605
8521,0,0.25366780161857605
8522,0,0.25366780161857605
8523,0,0.25366780161857605
8524,0,0.25366780161857605
8525,0,0.25366780161857605
8526,0,0.25366780161857605
8527,0,0.25366780161857605
8528,0,0.25366780161857605
8529,0,0.25366780161857605
8530,0,0.25366780161857605
8531,0,0.25366780161857605
8532,0,0.25366780161857605
8533,0,0.25366780161857605
8534,0,0.25366780161857605
8535,0,0.25366780161857605
8536,0,0.25366780161857605
8537,0,0.25366780161857605
8538,0,0.25366780161857605
8539,0,0.25366780161857605
8540,0,0.25366780161857605
8541,0,0.25366780161857605
8542,0,0.25366780161857605
8543,0,0.25366780161857605
8544,0,0.25366780161857605
8545,0,0.25366780161857605
8546,0,0.25366780161857605
8547,0,0.25366780161857605
8548,0,0.25366780161857605
8549,0,0.25366780161857605
8550,0,0.25366780161857605
8551,0,0.25366780161857605
8552,0,0.25366780161857605
8553,0,0.25366780161857605
8554,0,0.25366780161857605
8555,0,0.25366780161857605
8556,0,0.25366780161857605
8557,0,0.25366780161857605
8558,0,0.25366780161857605
8559,0,0.25366780161857605
8560,0,0.25366780161857605
8561,0,0.25366780161857605
8562,0,0.25366780161857605
8563,0,0.25366780161857605
8564,0,0.25366780161857605
8565,0,0.25366780161857605
8566,0,0.25366780161857605
8567,0,0.25366780161857605
8568,0,0.25366780161857605
8569,0,0.25366780161857605
8570,0,0.25366780161857605
8571,0,0.25366780161857605
8572,0,0.25366780161857605
8573,0,0.25366780161857605
8574,0,0.25366780161857605
8575,0,0.25366780161857605
8576,0,0.25366780161857605
8577,0,0.25366780161857605
8578,0,0.25366780161857605
8579,0,0.25366780161857605
8580,0,0.25366780161857605
8581,0,0.25366780161857605
8582,0,0.25366780161857605
8583,0,0.25366780161857605
8584,0,0.25366780161857605
8585,0,0.25366780161857605
8586,0,0.25366780161857605
8587,0,0.25366780161857605
8588,0,0.25366780161857605
8589,0,0.25366780161857605
8590,0,0.25366780161857605
8591,0,0.25366780161857605
8592,0,0.25366780161857605
8593,0,0.25366780161857605
8594,0,0.25366780161857605
8595,0,0.25366780161857605
8596,0,0.25366780161857605
8597,0,0.25366780161857605
8598,0,0.25366780161857605
8599,0,0.25366780161857605
8600,0,0.25366780161857605
8601,0,0.25366780161857605
8602,0,0.25366780161857605
8603,0,0.25366780161857605
8604,0,0.25366780161857605
8605,0,0.25366780161857605
8606,0,0.25366780161857605
8607,0,0.25366780161857605
8608,0,0.25366780161857605
8609,0,0.25366780161857605
8610,0,0.25366780161857605
8611,0,0.25366780161857605
8612,0,0.25366780161857605
8613,0,0.25366780161857605
8614,0,0.25366780161857605
8615,0,0.25366780161857605
8616,0,0.25366780161857605
8617,0,0.25366780161857605
8618,0,0.25366780161857605
8619,0,0.25366780161857605
8620,0,0.25366780161857605
8621,0,0.25366780161857605
8622,0,0.25366780161857605
8623,0,0.25366780161857605
8624,0,0.25366780161857605
8625,0,0.25366780161857605
8626,0,0.25366780161857605
8627,0,0.25366780161857605
8628,0,0.25366780161857605
8629,0,0.25366780161857605
8630,0,0.25366780161857605
8631,0,0.25366780161857605
8632,0,0.25366780161857605
8633,0,0.25366780161857605
8634,0,0.25366780161857605
8635,0,0.25366780161857605
8636,0,0.25366780161857605
8637,0,0.25366780161857605
8638,0,0.25366780161857605
8639,0,0.25366780161857605
8640,0,0.25366780161857605
8641,0,0.25366780161857605
8642,0,0.25366780161857605
8643,0,0.25366780161857605
8644,0,0.25366780161857605
8645,0,0.25366780161857605
8646,0,0.25366780161857605
8647,0,0.25366780161857605
8648,0,0.25366780161857605
8649,0,0.25366780161857605
8650,0,0.25366780161857605
8651,0,0.25366780161857605
8652,0,0.25366780161857605
8653,0,0.25366780161857605
8654,0,0.25366780161857605
8655,0,0.25366780161857605
8656,0,0.25366780161857605
8657,0,0.25366780161857605
8658,0,0.25366780161857605
8659,0,0.25366780161857605
8660,0,0.25366780161857605
8661,0,0.25366780161857605
8662,0,0.25366780161857605
8663,0,0.25366780161857605
8664,0,0.25366780161857605
8665,0,0.25366780161857605
8666,0,0.25366780161857605
8667,0,0.25366780161857605
8668,0,0.25366780161857605
8669,0,0.25366780161857605
8670,0,0.25366780161857605
8671,0,0.25366780161857605
8672,0,0.25366780161857605
8673,0,0.25366780161857605
8674,0,0.25366780161857605
8675,0,0.25366780161857605
8676,0,0.25366780161857605
8677,0,0.25366780161857605
8678,0,0.25366780161857605
8679,0,0.25366780161857605
8680,0,0.25366780161857605
8681,0,0.25366780161857605
8682,0,0.25366780161857605
8683,0,0.25366780161857605
8684,0,0.25366780161857605
8685,0,0.25366780161857605
8686,0,0.25366780161857605
8687,0,0.25366780161857605
8688,0,0.25366780161857605
8689,0,0.25366780161857605
8690,0,0.25366780161857605
8691,0,0.25366780161857605
8692,0,0.25366780161857605
8693,0,0.25366780161857605
8694,0,0.25366780161857605
8695,0,0.25366780161857605
8696,0,0.25366780161857605
8697,0,0.25366780161857605
8698,0,0.25366780161857605
8699,0,0.25366780161857605
8700,0,0.25366780161857605
8701,0,0.25366780161857605
8702,0,0.25366780161857605
8703,0,0.25366780161857605
8704,0,0.25366780161857605
8705,0,0.25366780161857605
8706,0,0.25366780161857605
8707,0,0.25366780161857605
8708,0,0.25366780161857605
8709,0,0.25366780161857605
8710,0,0.25366780161857605
8711,0,0.25366780161857605
8712,0,0.25366780161857605
8713,0,0.25366780161857605
8714,0,0.25366780161857605
8715,0,0.25366780161857605
8716,0,0.25366780161857605
8717,0,0.25366780161857605
8718,0,0.25366780161857605
8719,0,0.25366780161857605
8720,0,0.25366780161857605
8721,0,0.25366780161857605
8722,0,0.25366780161857605
8723,0,0.25366780161857605
8724,0,0.25366780161857605
8725,0,0.25366780161857605
8726,0,0.25366780161857605
8727,0,0.25366780161857605
8728,0,0.25366780161857605
8729,0,0.25366780161857605
8730,0,0.25366780161857605
8731,0,0.25366780161857605
8732,0,0.25366780161857605
8733,0,0.25366780161857605
8734,0,0.25366780161857605
8735,0,0.25366780161857605
8736,0,0.25366780161857605
8737,0,0.25366780161857605
8738,0,0.25366780161857605
8739,0,0.25366780161857605
8740,0,0.25366780161857605
8741,0,0.25366780161857605
8742,0,0.25366780161857605
8743,0,0.25366780161857605
8744,0,0.25366780161857605
8745,0,0.25366780161857605
8746,0,0.25366780161857605
8747,0,0.25366780161857605
8748,0,0.25366780161857605
8749,0,0.25366780161857605
8750,0,0.25366780161857605
8751,0,0.25366780161857605
8752,0,0.25366780161857605
8753,0,0.25366780161857605
8754,0,0.25366780161857605
8755,0,0.25366780161857605
8756,0,0.25366780161857605
8757,0,0.25366780161857605
8758,0,0.25366780161857605
8759,0,0.25366780161857605
8760,0,0.25366780161857605
8761,0,0.25366780161857605
8762,0,0.25366780161857605
8763,0,0.25366780161857605
8764,0,0.25366780161857605
8765,0,0.25366780161857605
8766,0,0.25366780161857605
8767,0,0.25366780161857605
8768,0,0.25366780161857605
8769,0,0.25366780161857605
8770,0,0.25366780161857605
8771,0,0.25366780161857605
8772,0,0.25366780161857605
8773,0,0.25366780161857605
8774,0,0.25366780161857605
8775,0,0.25366780161857605
8776,0,0.25366780161857605
8777,0,0.25366780161857605
8778,0,0.25366780161857605
8779,0,0.25366780161857605
8780,0,0.25366780161857605
8781,0,0.25366780161857605
8782,0,0.25366780161857605
8783,0,0.25366780161857605
8784,0,0.25366780161857605
8785,0,0.25366780161857605
8786,0,0.25366780161857605
8787,0,0.25366780161857605
8788,0,0.25366780161857605
8789,0,0.25366780161857605
8790,0,0.25366780161857605
8791,0,0.25366780161857605
8792,0,0.25366780161857605
8793,0,0.25366780161857605
8794,0,0.25366780161857605
8795,0,0.25366780161857605
8796,0,0.25366780161857605
8797,0,0.25366780161857605
8798,0,0.25366780161857605
8799,0,0.25366780161857605
8800,0,0.25366780161857605
8801,0,0.25366780161857605
8802,0,0.25366780161857605
8803,0,0.25366780161857605
8804,0,0.25366780161857605
8805,0,0.25366780161857605
8806,0,0.25366780161857605
8807,0,0.25366780161857605
8808,0,0.25366780161857605
8809,0,0.25366780161857605
8810,0,0.25366780161857605
8811,0,0.25366780161857605
8812,0,0.25366780161857605
8813,0,0.25366780161857605
8814,0,0.25366780161857605
8815,0,0.25366780161857605
8816,0,0.25366780161857605
8817,0,0.25366780161857605
8818,0,0.25366780161857605
8819,0,0.25366780161857605
8820,0,0.25366780161857605
8821,0,0.25366780161857605
8822,0,0.25366780161857605
8823,0,0.25366780161857605
8824,0,0.25366780161857605
8825,0,0.25366780161857605
8826,0,0.25366780161857605
8827,0,0.25366780161857605
8828,0,0.25366780161857605
8829,0,0.25366780161857605
8830,0,0.25366780161857605
8831,0,0.25366780161857605
8832,0,0.25366780161857605
8833,0,0.25366780161857605
8834,0,0.25366780161857605
8835,0,0.25366780161857605
8836,0,0.25366780161857605
8837,0,0.25366780161857605
8838,0,0.25366780161857605
8839,0,0.25366780161857605
8840,0,0.25366780161857605
8841,0,0.25366780161857605
8842,0,0.25366780161857605
8843,0,0.25366780161857605
8844,0,0.25366780161857605
8845,0,0.25366780161857605
8846,0,0.25366780161857605
8847,0,0.25366780161857605
8848,0,0.25366780161857605
8849,0,0.25366780161857605
8850,0,0.25366780161857605
8851,0,0.25366780161857605
8852,0,0.25366780161857605
8853,0,0.25366780161857605
8854,0,0.25366780161857605
8855,0,0.25366780161857605
8856,0,0.25366780161857605
8857,0,0.25366780161857605
8858,0,0.25366780161857605
8859,0,0.25366780161857605
8860,0,0.25366780161857605
8861,0,0.25366780161857605
8862,0,0.25366780161857605
8863,0,0.25366780161857605
8864,0,0.25366780161857605
8865,0,0.25366780161857605
8866,0,0.25366780161857605
8867,0,0.25366780161857605
8868,0,0.25366780161857605
8869,0,0.25366780161857605
8870,0,0.25366780161857605
8871,0,0.25366780161857605
8872,0,0.25366780161857605
8873,0,0.25366780161857605
8874,0,0.25366780161857605
8875,0,0.25366780161857605
8876,0,0.25366780161857605
8877,0,0.25366780161857605
8878,0,0.25366780161857605
8879,0,0.25366780161857605
8880,0,0.25366780161857605
8881,0,0.25366780161857605
8882,0,0.25366780161857605
8883,0,0.25366780161857605
8884,0,0.25366780161857605
8885,0,0.25366780161857605
8886,0,0.25366780161857605
8887,0,0.25366780161857605
8888,0,0.25366780161857605
8889,0,0.25366780161857605
8890,0,0.25366780161857605
8891,0,0.25366780161857605
8892,0,0.25366780161857605
8893,0,0.25366780161857605
8894,0,0.25366780161857605
8895,0,0.25366780161857605
8896,0,0.25366780161857605
8897,0,0.25366780161857605
8898,0,0.25366780161857605
8899,0,0.25366780161857605
8900,0,0.25366780161857605
8901,0,0.25366780161857605
8902,0,0.25366780161857605
8903,0,0.25366780161857605
8904,0,0.25366780161857605
8905,0,0.25366780161857605
8906,0,0.25366780161857605
8907,0,0.25366780161857605
8908,0,0.25366780161857605
8909,0,0.25366780161857605
8910,0,0.25366780161857605
8911,0,0.25366780161857605
8912,0,0.25366780161857605
8913,0,0.25366780161857605
8914,0,0.25366780161857605
8915,0,0.25366780161857605
8916,0,0.25366780161857605
8917,0,0.25366780161857605
8918,0,0.25366780161857605
8919,0,0.25366780161857605
8920,0,0.25366780161857605
8921,0,0.25366780161857605
8922,0,0.25366780161857605
8923,0,0.25366780161857605
8924,0,0.25366780161857605
8925,0,0.25366780161857605
8926,0,0.25366780161857605
8927,0,0.25366780161857605
8928,0,0.25366780161857605
8929,0,0.25366780161857605
8930,0,0.25366780161857605
8931,0,0.25366780161857605
8932,0,0.25366780161857605
8933,0,0.25366780161857605
8934,0,0.25366780161857605
